Workbook

Sheet NCE_exp
A1: experiment | B1: exp_id | C1: round | D1: tank | E1: date | F1: light | G1: treatment | H1: location_T0 | I1: behaviour_T0 | J1: location_T5 | K1: behaviour_T5 | L1: location_T10 | M1: behaviour_T10 | N1: location_T20 | O1: behaviour_T20 | P1: location_T30 | Q1: behaviour_T30 | R1: location_T45 | S1: behaviour_T45 | T1: location_T60 | U1: behaviour_T60 | V1: location_T61 | W1: behaviour_T61 | X1: location_T65 | Y1: behaviour_T65 | Z1: location_T70 | AA1: behaviour_T70 | AB1: location_T80 | AC1: behaviour_T80 | AD1: location_T90 | AE1: behaviour_T90 | AF1: location_T120 | AG1: behaviour_T120 | AH1: location_T150 | AI1: behaviour_T150 | AJ1: location_T180 | AK1: behaviour_T180 | AL1: location_T210 | AM1: behaviour_T210 | AN1: location_T240 | AO1: behaviour_T240 | AP1: location_T245 | AQ1: behaviour_T245 | AR1: location_T260 | AS1: behaviour_T260 | AT1: location_T275 | AU1: behaviour_T275 | AV1: location_T290 | AW1: behaviour_T290 | AX1: location_T300 | AY1: behaviour_T300 | AZ1: notes_exp | BA1: koura_id | BB1: extra_koura_id | BC1: old_id | BD1: hold_tank | BE1: sex | BF1: size_class | BG1: size_mm1 | BH1: weight_g1 | BI1: legs1 | BJ1: claws1 | BK1: antenna1 | BL1: note | BM1: size_mm2 | BN1: weight_g2 | BO1: legs2 | BP1: claws2 | BQ1: antenna2 | BR1: moult_date | BS1: notes_koura
A2: NCE1 | B2: 1 | C2: 1 | D2: 1 | E2: 45931 | F2: light | G2: catfish | H2: floor | I2: static | J2: ref_back | K2: static | L2: ref_back | M2: static | N2: ref_back | O2: static | P2: ref_back | Q2: static | R2: ref_back | S2: static | T2: ref_back | U2: static | V2: ref_back | W2: static | X2: ref_back | Y2: static | Z2: ref_back | AA2: static | AB2: ref_back | AC2: static | AD2: ref_back | AE2: static | AF2: ref_back | AG2: static | AH2: ref_back | AI2: static | AJ2: ref_back | AK2: static | AL2: ref_back | AM2: static | AN2: ref_back | AO2: static | AP2: ref_back | AQ2: static | AR2: ref_back | AS2: static | AT2: ref_back | AU2: static | AV2: ref_back | AW2: static | AX2: ref_back | AY2: static | BA2: 41 | BB2: 41 | BC2: 2 | BD2: 1 | BE2: M | BF2: M | BG2: 27.25 | BH2: 14 | BI2: 8 | BJ2: 2
A3: NCE1 | B3: 2 | C3: 1 | D3: 2 | E3: 45931 | F3: light | G3: eel | H3: floor | I3: static | J3: wall | K3: static | L3: wall | M3: static | N3: wall | O3: static | P3: barrier | Q3: static | R3: barrier | S3: static | T3: ref_back | U3: static | V3: ref_back | W3: static | X3: ref_back | Y3: static | Z3: ref_back | AA3: static | AB3: ref_back | AC3: static | AD3: ref_back | AE3: static | AF3: ref_back | AG3: static | AH3: ref_back | AI3: static | AJ3: ref_back | AK3: static | AL3: ref_back | AM3: static | AN3: ref_back | AO3: static | AP3: ref_back | AQ3: static | AR3: ref_back | AS3: static | AT3: ref_back | AU3: static | AV3: ref_back | AW3: static | AX3: ref_back | AY3: static | BA3: 42 | BB3: 42 | BC3: 3 | BD3: 2 | BE3: M | BF3: M | BG3: 25.97 | BH3: 11 | BI3: 8 | BJ3: 2
A4: NCE1 | B4: 3 | C4: 1 | D4: 3 | E4: 45931 | F4: light | G4: control | H4: barrier | I4: walk | J4: wall | K4: static | L4: wall | M4: static | N4: barrier | O4: static | P4: barrier | Q4: walk | R4: wall | S4: walk | T4: barrier | U4: static | V4: barrier | W4: static | X4: barrier | Y4: static | Z4: barrier | AA4: static | AB4: barrier | AC4: climb | AD4: wall | AE4: static | AF4: ref_next | AG4: static | AH4: ref_back | AI4: static | AJ4: ref_back | AK4: static | AL4: ref_back | AM4: static | AN4: ref_back | AO4: static | AP4: ref_back | AQ4: static | AR4: ref_back | AS4: static | AT4: ref_back | AU4: static | AV4: ref_back | AW4: static | AX4: ref_back | AY4: static | BA4: 43 | BB4: 43 | BC4: 5 | BD4: 3 | BE4: M | BF4: M | BG4: 23.71 | BH4: 9 | BI4: 8 | BJ4: 2
A5: NCE1 | B5: 4 | C5: 1 | D5: 4 | E5: 45931 | F5: light | G5: catfish | H5: ref_open | I5: static | J5: ref_back | K5: static | L5: ref_back | M5: static | N5: ref_back | O5: static | P5: ref_back | Q5: static | R5: ref_back | S5: static | T5: ref_back | U5: static | V5: ref_back | W5: static | X5: ref_back | Y5: static | Z5: ref_back | AA5: static | AB5: ref_back | AC5: static | AD5: ref_back | AE5: static | AF5: ref_next | AG5: static | AH5: ref_back | AI5: static | AJ5: ref_back | AK5: static | AL5: ref_back | AM5: static | AN5: ref_back | AO5: static | AP5: ref_back | AQ5: static | AR5: ref_back | AS5: static | AT5: ref_back | AU5: static | AV5: ref_back | AW5: static | AX5: ref_back | AY5: static | BA5: 44 | BB5: 44 | BC5: 9 | BD5: 4 | BE5: M | BF5: M | BG5: 24.7 | BH5: 10 | BI5: 7 | BJ5: 2
A6: NCE1 | B6: 5 | C6: 1 | D6: 5 | E6: 45931 | F6: light | G6: eel | H6: barrier | I6: static | J6: wall | K6: walk | L6: wall | M6: walk | N6: wall | O6: walk | P6: barrier | Q6: climb | R6: wall | S6: walk | T6: wall | U6: static | V6: floor | W6: walk | X6: wall | Y6: static | Z6: ref_next | AA6: static | AB6: barrier | AC6: static | AD6: barrier | AE6: climb | AF6: barrier | AG6: climb | AH6: barrier | AI6: climb | AJ6: barrier | AK6: climb | AL6: barrier | AM6: climb | AN6: barrier | AO6: climb | AP6: barrier | AQ6: walk | AR6: barrier | AS6: climb | AT6: barrier | AU6: climb | AV6: barrier | AW6: climb | AX6: barrier | AY6: climb | BA6: 45 | BB6: 45 | BC6: 11 | BD6: 5 | BE6: M | BF6: M | BG6: 29.49 | BH6: 17 | BI6: 8 | BJ6: 2
A7: NCE1 | B7: 6 | C7: 1 | D7: 6 | E7: 45931 | F7: light | G7: control | H7: ref_back | I7: static | J7: wall | K7: static | L7: wall | M7: walk | N7: barrier | O7: static | P7: wall | Q7: static | R7: barrier | S7: climb | T7: barrier | U7: climb | V7: barrier | W7: climb | X7: barrier | Y7: climb | Z7: barrier | AA7: climb | AB7: barrier | AC7: climb | AD7: barrier | AE7: climb | AF7: ref_next | AG7: static | AH7: barrier | AI7: climb | AJ7: barrier | AK7: climb | AL7: wall | AM7: walk | AN7: ref_next | AO7: static | AP7: ref_open | AQ7: static | AR7: ref_open | AS7: static | AT7: ref_open | AU7: static | AV7: ref_open | AW7: static | AX7: ref_open | AY7: static | BA7: 46 | BB7: 46 | BC7: 12 | BD7: 6 | BE7: M | BF7: M | BG7: 24.57 | BH7: 10 | BI7: 8 | BJ7: 2
A8: NCE1 | B8: 7 | C8: 1 | D8: 7 | E8: 45931 | F8: light | G8: catfish | H8: floor | I8: static | J8: ref_back | K8: static | L8: ref_back | M8: static | N8: ref_back | O8: static | P8: ref_back | Q8: static | R8: ref_back | S8: static | T8: ref_back | U8: static | V8: ref_back | W8: static | X8: ref_back | Y8: static | Z8: ref_back | AA8: static | AB8: ref_back | AC8: static | AD8: ref_back | AE8: static | AF8: ref_back | AG8: static | AH8: ref_back | AI8: static | AJ8: ref_back | AK8: static | AL8: ref_back | AM8: static | AN8: ref_back | AO8: static | AP8: ref_back | AQ8: static | AR8: ref_back | AS8: static | AT8: ref_back | AU8: static | AV8: ref_back | AW8: static | AX8: ref_back | AY8: static | BA8: 47 | BB8: 47 | BC8: 13 | BD8: 7 | BE8: M | BF8: M | BG8: 23.84 | BH8: 8 | BI8: 8 | BJ8: 2
A9: NCE1 | B9: 8 | C9: 1 | D9: 8 | E9: 45931 | F9: light | G9: eel | H9: ref_next | I9: static | J9: ref_next | K9: static | L9: ref_next | M9: static | N9: ref_back | O9: static | P9: ref_back | Q9: static | R9: ref_back | S9: static | T9: ref_back | U9: static | V9: ref_back | W9: static | X9: ref_back | Y9: static | Z9: ref_back | AA9: static | AB9: ref_back | AC9: static | AD9: ref_back | AE9: static | AF9: ref_back | AG9: static | AH9: ref_back | AI9: static | AJ9: ref_back | AK9: static | AL9: ref_back | AM9: static | AN9: ref_back | AO9: static | AP9: ref_back | AQ9: static | AR9: ref_back | AS9: static | AT9: ref_back | AU9: static | AV9: ref_back | AW9: static | AX9: ref_back | AY9: static | BA9: 48 | BB9: 48 | BC9: 15 | BD9: 8 | BE9: M | BF9: M | BG9: 24.17 | BH9: 8 | BI9: 7 | BJ9: 1 | BK9: 2 | BR9: 45924
A10: NCE1 | B10: 9 | C10: 2 | D10: 1 | E10: 45932 | F10: light | G10: control | H10: floor | I10: static | J10: floor | K10: static | L10: barrier | M10: climb | N10: barrier | O10: climb | P10: barrier | Q10: climb | R10: barrier | S10: climb | T10: barrier | U10: climb | V10: barrier | W10: climb | X10: barrier | Y10: climb | Z10: barrier | AA10: climb | AB10: barrier | AC10: climb | AD10: barrier | AE10: static | AF10: ref_back | AG10: static | AH10: ref_back | AI10: static | AL10: ref_back | AM10: static | AN10: ref_back | AO10: static | AP10: ref_back | AQ10: static | AR10: ref_back | AS10: static | AT10: ref_back | AU10: static | AV10: ref_back | AW10: static | AX10: ref_back | AY10: static | BA10: 49 | BB10: 49 | BC10: 16 | BD10: 9 | BE10: M | BF10: M | BG10: 25.8 | BH10: 11 | BI10: 7 | BJ10: 1
A11: NCE1 | B11: 10 | C11: 2 | D11: 2 | E11: 45932 | F11: light | G11: catfish | H11: barrier | I11: static | J11: barrier | K11: static | L11: barrier | M11: static | N11: barrier | O11: static | P11: barrier | Q11: static | R11: barrier | S11: climb | T11: barrier | U11: static | V11: ref_back | W11: static | X11: ref_back | Y11: static | Z11: ref_back | AA11: static | AB11: ref_back | AC11: static | AD11: ref_back | AE11: static | AF11: ref_back | AG11: static | AH11: ref_back | AI11: static | AL11: ref_back | AM11: static | AN11: ref_back | AO11: static | AP11: ref_back | AQ11: static | AR11: ref_back | AS11: static | AT11: ref_open | AU11: static | AV11: ref_back | AW11: static | AX11: ref_back | AY11: static | BA11: 50 | BB11: 50 | BC11: 22 | BD11: 10 | BE11: M | BF11: M | BG11: 28.47 | BH11: 14 | BI11: 8 | BJ11: 1 | BK11: 2 | BR11: 45901
A12: NCE1 | B12: 11 | C12: 2 | D12: 3 | E12: 45932 | F12: light | G12: eel | H12: floor | I12: static | J12: wall | K12: static | L12: barrier | M12: static | N12: barrier | O12: static | P12: barrier | Q12: static | R12: barrier | S12: static | T12: barrier | U12: static | V12: floor | W12: static | X12: barrier | Y12: static | Z12: barrier | AA12: static | AB12: barrier | AC12: static | AD12: barrier | AE12: static | AF12: barrier | AG12: static | AH12: barrier | AI12: climb | AL12: wall | AM12: static | AN12: barrier | AO12: static | AP12: barrier | AQ12: static | AR12: barrier | AS12: static | AT12: barrier | AU12: static | AV12: barrier | AW12: static | AX12: barrier | AY12: static | BA12: 51 | BB12: 51 | BC12: 23 | BD12: 11 | BE12: M | BF12: M | BG12: 23.85 | BH12: 8 | BI12: 8 | BJ12: 2
A13: NCE1 | B13: 12 | C13: 2 | D13: 4 | E13: 45932 | F13: light | G13: control | H13: floor | I13: static | J13: barrier | K13: static | L13: ref_back | M13: static | N13: ref_back | O13: static | P13: ref_back | Q13: static | R13: ref_back | S13: static | T13: ref_back | U13: static | V13: ref_back | W13: static | X13: ref_back | Y13: static | Z13: ref_back | AA13: static | AB13: ref_back | AC13: static | AD13: ref_back | AE13: static | AF13: ref_back | AG13: static | AH13: ref_back | AI13: static | AL13: ref_back | AM13: static | AN13: ref_back | AO13: static | AP13: ref_back | AQ13: static | AR13: ref_back | AS13: static | AT13: ref_back | AU13: static | AV13: ref_back | AW13: static | AX13: ref_back | AY13: static | BA13: 52 | BB13: 52 | BC13: 24 | BD13: 12 | BE13: M | BF13: M | BG13: 28.17 | BH13: 15 | BI13: 8 | BJ13: 2
A14: NCE1 | B14: 13 | C14: 2 | D14: 5 | E14: 45932 | F14: light | G14: catfish | H14: ref_next | I14: static | J14: barrier | K14: climb | L14: floor | M14: walk | N14: barrier | O14: climb | P14: barrier | Q14: climb | R14: barrier | S14: climb | T14: barrier | U14: climb | V14: barrier | W14: climb | X14: barrier | Y14: climb | Z14: barrier | AA14: climb | AB14: barrier | AC14: climb | AD14: barrier | AE14: climb | AF14: barrier | AG14: climb | AH14: barrier | AI14: climb | AL14: barrier | AM14: climb | AN14: barrier | AO14: climb | AP14: barrier | AQ14: climb | AR14: barrier | AS14: climb | AT14: barrier | AU14: climb | AV14: barrier | AW14: climb | AX14: barrier | AY14: climb | BA14: 53 | BB14: 53 | BC14: 26 | BD14: 13 | BE14: M | BF14: M | BG14: 28.33 | BH14: 17 | BI14: 8 | BJ14: 2 | BK14: 2 | BR14: 45929
A15: NCE1 | B15: 14 | C15: 2 | D15: 6 | E15: 45932 | F15: light | G15: eel | H15: ref_back | I15: static | J15: ref_next | K15: static | L15: barrier | M15: static | N15: barrier | O15: static | P15: barrier | Q15: climb | R15: barrier | S15: climb | T15: ref_next | U15: static | V15: ref_next | W15: static | X15: ref_next | Y15: static | Z15: ref_next | AA15: static | AB15: barrier | AC15: static | AD15: barrier | AE15: static | AF15: wall | AG15: static | AH15: barrier | AI15: climb | AL15: barrier | AM15: climb | AN15: barrier | AO15: climb | AP15: barrier | AQ15: climb | AR15: barrier | AS15: climb | AT15: barrier | AU15: climb | AV15: barrier | AW15: climb | AX15: barrier | AY15: climb | BA15: 54 | BB15: 54 | BC15: 28 | BD15: 14 | BE15: M | BF15: M | BG15: 26.42 | BH15: 13 | BI15: 8 | BJ15: 2 | BK15: 2 | BR15: 45904
A16: NCE1 | B16: 15 | C16: 2 | D16: 7 | E16: 45932 | F16: light | G16: control | H16: floor | I16: static | J16: wall | K16: static | L16: barrier | M16: static | N16: ref_back | O16: static | P16: barrier | Q16: static | R16: barrier | S16: static | T16: barrier | U16: static | V16: barrier | W16: static | X16: barrier | Y16: static | Z16: barrier | AA16: static | AB16: barrier | AC16: static | AD16: barrier | AE16: static | AF16: barrier | AG16: static | AH16: barrier | AI16: static | AL16: barrier | AM16: static | AN16: barrier | AO16: static | AP16: barrier | AQ16: static | AR16: barrier | AS16: static | AT16: barrier | AU16: static | AV16: barrier | AW16: static | AX16: barrier | AY16: static | BA16: 55 | BB16: 55 | BC16: 29 | BD16: 15 | BE16: M | BF16: M | BG16: 29.97 | BH16: 17 | BI16: 8 | BJ16: 2 | BK16: 2 | BR16: 45902
A17: NCE1 | B17: 16 | C17: 2 | D17: 8 | E17: 45932 | F17: light | G17: catfish | H17: floor | I17: static | J17: wall | K17: static | L17: ref_back | M17: static | N17: ref_open | O17: static | P17: ref_back | Q17: static | R17: ref_open | S17: static | T17: ref_open | U17: static | V17: ref_back | W17: static | X17: ref_back | Y17: static | Z17: ref_back | AA17: static | AB17: ref_back | AC17: static | AD17: ref_back | AE17: static | AF17: ref_back | AG17: static | AH17: ref_open | AI17: static | AL17: ref_open | AM17: static | AN17: ref_back | AO17: static | AP17: ref_back | AQ17: static | AR17: ref_open | AS17: static | AT17: ref_open | AU17: static | AV17: ref_back | AW17: static | AX17: ref_back | AY17: static | BA17: 56 | BB17: 56 | BC17: 30 | BD17: 16 | BE17: M | BF17: M | BG17: 27.18 | BH17: 14 | BI17: 7 | BJ17: 2 | BK17: 2
A18: NCE1 | B18: 17 | C18: 3 | D18: 1 | E18: 45933 | F18: light | G18: eel | H18: ref_back | I18: static | J18: ref_back | K18: static | L18: ref_back | M18: static | N18: ref_back | O18: static | P18: ref_back | Q18: static | R18: ref_back | S18: static | T18: ref_back | U18: static | V18: ref_back | W18: static | X18: ref_back | Y18: static | Z18: ref_back | AA18: static | AB18: ref_back | AC18: static | AD18: ref_back | AE18: static | AF18: ref_back | AG18: static | AH18: ref_back | AI18: static | AL18: ref_back | AM18: static | AN18: ref_back | AO18: static | AP18: ref_back | AQ18: static | AR18: ref_back | AS18: static | AT18: ref_back | AU18: static | AV18: ref_back | AW18: static | AX18: ref_back | AY18: static | BA18: 57 | BB18: 57 | BD18: 1 | BE18: M | BF18: M | BG18: 27.03 | BH18: 13 | BI18: 8 | BJ18: 2 | BK18: 2
A19: NCE1 | B19: 18 | C19: 3 | D19: 2 | E19: 45933 | F19: light | G19: control | H19: ref_back | I19: static | J19: ref_back | K19: static | L19: ref_back | M19: static | N19: barrier | O19: static | P19: barrier | Q19: climb | R19: ref_back | S19: static | T19: ref_back | U19: static | V19: ref_back | W19: static | X19: ref_back | Y19: static | Z19: ref_back | AA19: static | AB19: ref_back | AC19: static | AD19: ref_back | AE19: static | AF19: ref_back | AG19: static | AH19: ref_back | AI19: static | AL19: ref_back | AM19: static | AN19: ref_back | AO19: static | AP19: ref_back | AQ19: static | AR19: ref_back | AS19: static | AT19: ref_back | AU19: static | AV19: ref_back | AW19: static | AX19: ref_back | AY19: static | BA19: 58 | BB19: 58 | BD19: 2 | BE19: M | BF19: M | BG19: 26.88 | BH19: 13 | BI19: 8 | BJ19: 0 | BK19: 2
A20: NCE1 | B20: 19 | C20: 3 | D20: 3 | E20: 45933 | F20: light | G20: catfish | H20: ref_next | I20: static | J20: wall | K20: static | L20: ref_back | M20: static | N20: ref_back | O20: static | P20: ref_back | Q20: static | R20: barrier | S20: climb | T20: ref_back | U20: static | V20: ref_back | W20: static | X20: ref_back | Y20: static | Z20: ref_back | AA20: static | AB20: ref_back | AC20: static | AD20: ref_back | AE20: static | AF20: ref_back | AG20: static | AH20: ref_back | AI20: static | AL20: ref_back | AM20: static | AN20: ref_back | AO20: static | AP20: ref_back | AQ20: static | AR20: ref_back | AS20: static | AT20: ref_back | AU20: static | AV20: ref_back | AW20: static | AX20: ref_back | AY20: static | BA20: 59 | BB20: 59 | BD20: 3 | BE20: M | BF20: M | BG20: 27.34 | BH20: 8 | BI20: 8 | BJ20: 1 | BK20: 2
A21: NCE1 | B21: 20 | C21: 3 | D21: 4 | E21: 45933 | F21: light | G21: eel | H21: ref_next | I21: static | J21: ref_next | K21: static | L21: ref_back | M21: static | N21: ref_back | O21: static | P21: ref_back | Q21: static | R21: ref_back | S21: static | T21: ref_back | U21: static | V21: ref_back | W21: static | X21: ref_back | Y21: static | Z21: ref_back | AA21: static | AB21: ref_back | AC21: static | AD21: ref_back | AE21: static | AF21: ref_back | AG21: static | AH21: ref_back | AI21: static | AL21: ref_back | AM21: static | AN21: ref_back | AO21: static | AP21: ref_back | AQ21: static | AR21: ref_back | AS21: static | AT21: ref_back | AU21: static | AV21: ref_back | AW21: static | AX21: ref_back | AY21: static | BA21: 60 | BB21: 60 | BD21: 4 | BE21: M | BF21: M | BG21: 29.45 | BH21: 16 | BI21: 8 | BJ21: 2 | BK21: 2
A22: NCE1 | B22: 21 | C22: 3 | D22: 5 | E22: 45933 | F22: light | G22: control | H22: ref_back | I22: static | J22: barrier | K22: climb | L22: ref_back | M22: static | N22: barrier | O22: climb | P22: barrier | Q22: climb | R22: barrier | S22: climb | T22: barrier | U22: climb | V22: barrier | W22: climb | X22: barrier | Y22: climb | Z22: barrier | AA22: climb | AB22: barrier | AC22: climb | AD22: barrier | AE22: climb | AF22: barrier | AG22: climb | AH22: barrier | AI22: climb | AL22: barrier | AM22: climb | AN22: barrier | AO22: climb | AP22: barrier | AQ22: climb | AR22: barrier | AS22: climb | AT22: ref_open | AU22: static | AV22: barrier | AW22: climb | AX22: ref_open | AY22: static | BA22: 61 | BB22: 61 | BD22: 5 | BE22: M | BF22: M | BG22: 26.72 | BH22: 9 | BI22: 8 | BJ22: 2 | BK22: 2
A23: NCE1 | B23: 22 | C23: 3 | D23: 6 | E23: 45933 | F23: light | G23: catfish | H23: barrier | I23: static | J23: barrier | K23: climb | L23: barrier | M23: climb | N23: barrier | O23: climb | P23: barrier | Q23: climb | R23: barrier | S23: climb | T23: barrier | U23: climb | V23: barrier | W23: climb | X23: barrier | Y23: climb | Z23: barrier | AA23: climb | AB23: barrier | AC23: climb | AD23: barrier | AE23: climb | AF23: barrier | AG23: climb | AH23: barrier | AI23: climb | AL23: barrier | AM23: climb | AN23: barrier | AO23: static | AP23: barrier | AQ23: static | AR23: wall | AS23: walk | AT23: barrier | AU23: climb | AV23: barrier | AW23: climb | AX23: barrier | AY23: climb | BA23: 46 | BB23: 62 | BC23: 12 | BD23: 6 | BE23: M | BF23: M | BG23: 25.61 | BH23: 11 | BI23: 8 | BJ23: 2 | BK23: 2
A24: NCE1 | B24: 23 | C24: 3 | D24: 7 | E24: 45933 | F24: light | G24: eel | H24: ref_back | I24: static | J24: barrier | K24: static | L24: barrier | M24: climb | N24: wall | O24: static | P24: wall | Q24: static | R24: barrier | S24: static | T24: floor | U24: static | V24: floor | W24: walk | X24: wall | Y24: static | Z24: wall | AA24: static | AB24: ref_next | AC24: static | AD24: wall | AE24: static | AF24: barrier | AG24: static | AH24: barrier | AI24: climb | AL24: barrier | AM24: climb | AN24: barrier | AO24: climb | AP24: barrier | AQ24: climb | AR24: barrier | AS24: climb | AT24: barrier | AU24: climb | AV24: ref_next | AW24: static | AX24: barrier | AY24: climb | AZ24: felt out at 58:00 put back in | BA24: 63 | BB24: 63 | BD24: 7 | BE24: M | BF24: M | BG24: 23.58 | BH24: 10 | BI24: 8 | BJ24: 1 | BK24: 2
A25: NCE1 | B25: 24 | C25: 3 | D25: 8 | E25: 45933 | F25: light | G25: control | H25: ref_next | I25: static | J25: floor | K25: static | L25: floor | M25: static | N25: ref_open | O25: static | P25: barrier | Q25: climb | R25: wall | S25: static | T25: wall | U25: static | V25: wall | W25: static | X25: wall | Y25: static | Z25: floor | AA25: walk | AB25: ref_next | AC25: static | AD25: ref_back | AE25: static | AF25: ref_back | AG25: static | AH25: ref_back | AI25: static | AL25: ref_back | AM25: static | AN25: barrier | AO25: climb | AP25: ref_next | AQ25: static | AR25: ref_back | AS25: static | AT25: ref_open | AU25: static | AV25: ref_open | AW25: static | AX25: ref_open | AY25: static | BA25: 43 | BB25: 64 | BC25: 5 | BD25: 8 | BE25: M | BF25: M | BG25: 24.67 | BH25: 9 | BI25: 8 | BJ25: 1 | BK25: 2
A26: NCE1 | B26: 25 | C26: 4 | D26: 1 | E26: 45936 | F26: light | G26: catfish | H26: ref_next | I26: static | J26: ref_back | K26: static | L26: ref_back | M26: static | N26: ref_back | O26: static | P26: ref_back | Q26: static | R26: ref_back | S26: static | T26: ref_back | U26: static | V26: ref_back | W26: static | X26: ref_back | Y26: static | Z26: ref_back | AA26: static | AB26: ref_back | AC26: static | AD26: ref_back | AE26: static | AF26: ref_back | AG26: static | AH26: ref_back | AI26: static | AL26: ref_back | AM26: static | AN26: ref_back | AO26: static | AP26: ref_back | AQ26: static | AR26: ref_back | AS26: static | AT26: ref_back | AU26: static | AV26: ref_back | AW26: static | AX26: ref_back | AY26: static | BA26: 65 | BB26: 65 | BD26: 9 | BE26: M | BF26: M | BG26: 26.79 | BH26: 11 | BI26: 6 | BJ26: 0 | BK26: 2
A27: NCE1 | B27: 26 | C27: 4 | D27: 2 | E27: 45936 | F27: light | G27: eel | H27: wall | I27: static | J27: barrier | K27: climb | L27: barrier | M27: climb | N27: barrier | O27: climb | P27: barrier | Q27: climb | R27: barrier | S27: climb | T27: wall | U27: static | V27: wall | W27: static | X27: wall | Y27: static | Z27: wall | AA27: static | AB27: wall | AC27: static | AD27: barrier | AE27: climb | AF27: ref_open | AG27: static | AH27: barrier | AI27: static | AL27: barrier | AM27: climb | AN27: barrier | AO27: climb | AP27: barrier | AQ27: climb | AR27: barrier | AS27: climb | AT27: barrier | AU27: climb | AV27: barrier | AW27: climb | AX27: barrier | AY27: climb | BA27: 66 | BB27: 66 | BD27: 10 | BE27: M | BF27: M | BG27: 26.79 | BH27: 12 | BI27: 8 | BJ27: 2 | BK27: 2
A28: NCE1 | B28: 27 | C28: 4 | D28: 3 | E28: 45936 | F28: light | G28: control | H28: ref_back | I28: static | J28: ref_back | K28: static | L28: ref_back | M28: static | N28: ref_back | O28: static | P28: ref_back | Q28: static | R28: ref_back | S28: static | T28: ref_back | U28: static | V28: ref_back | W28: static | X28: ref_back | Y28: static | Z28: ref_back | AA28: static | AB28: ref_back | AC28: static | AD28: ref_back | AE28: static | AF28: ref_back | AG28: static | AH28: ref_back | AI28: static | AL28: ref_back | AM28: static | AN28: ref_open | AO28: static | AP28: ref_back | AQ28: static | AR28: ref_back | AS28: static | AT28: ref_back | AU28: static | AV28: ref_back | AW28: static | AX28: ref_back | AY28: static | BA28: 67 | BB28: 67 | BD28: 11 | BE28: M | BF28: M | BG28: 25.21 | BH28: 9 | BI28: 6 | BJ28: 2 | BK28: 2
A29: NCE1 | B29: 28 | C29: 4 | D29: 4 | E29: 45936 | F29: light | G29: catfish | H29: ref_next | I29: static | J29: barrier | K29: static | L29: barrier | M29: static | N29: wall | O29: static | P29: barrier | Q29: climb | R29: barrier | S29: static | T29: barrier | U29: climb | V29: barrier | W29: climb | X29: barrier | Y29: climb | Z29: barrier | AA29: climb | AB29: wall | AC29: static | AD29: ref_next | AE29: static | AF29: barrier | AG29: climb | AH29: barrier | AI29: climb | AL29: barrier | AM29: static | AN29: barrier | AO29: climb | AP29: barrier | AQ29: climb | AR29: barrier | AS29: climb | AT29: barrier | AU29: climb | AV29: barrier | AW29: static | AX29: barrier | AY29: static | BA29: 68 | BB29: 68 | BD29: 12 | BE29: M | BF29: M | BG29: 24.69 | BH29: 9 | BI29: 8 | BJ29: 2 | BK29: 2
A30: NCE1 | B30: 29 | C30: 4 | D30: 5 | E30: 45936 | F30: light | G30: eel | H30: floor | I30: walk | J30: ref_next | K30: static | L30: floor | M30: static | N30: barrier | O30: climb | P30: barrier | Q30: climb | R30: barrier | S30: climb | T30: barrier | U30: static | V30: barrier | W30: static | X30: barrier | Y30: static | Z30: barrier | AA30: static | AB30: ref_next | AC30: static | AD30: floor | AE30: static | AF30: barrier | AG30: static | AH30: barrier | AI30: static | AL30: ref_back | AM30: static | AN30: ref_back | AO30: static | AP30: ref_back | AQ30: static | AR30: ref_back | AS30: static | AT30: ref_back | AU30: static | AV30: ref_back | AW30: static | AX30: ref_back | AY30: static | BA30: 69 | BB30: 69 | BC30: 33 | BD30: 13 | BE30: M | BF30: M | BG30: 28.29 | BH30: 13 | BI30: 8 | BJ30: 2 | BK30: 2
A31: NCE1 | B31: 30 | C31: 4 | D31: 6 | E31: 45936 | F31: light | G31: control | H31: wall | I31: static | J31: ref_next | K31: static | L31: ref_back | M31: static | N31: ref_next | O31: static | P31: barrier | Q31: walk | R31: ref_back | S31: static | T31: ref_back | U31: static | V31: ref_back | W31: static | X31: ref_back | Y31: static | Z31: ref_back | AA31: static | AB31: ref_back | AC31: static | AD31: ref_back | AE31: static | AF31: ref_back | AG31: static | AH31: ref_back | AI31: static | AL31: ref_back | AM31: static | AN31: ref_back | AO31: static | AP31: ref_back | AQ31: static | AR31: ref_back | AS31: static | AT31: ref_back | AU31: static | AV31: ref_back | AW31: static | AX31: ref_back | AY31: static | BA31: 70 | BB31: 70 | BC31: 70 | BD31: 14 | BE31: M | BF31: M | BG31: 25.98 | BH31: 13 | BI31: 8 | BJ31: 2 | BK31: 2
A32: NCE1 | B32: 31 | C32: 4 | D32: 7 | E32: 45936 | F32: light | G32: catfish | H32: wall | I32: static | J32: wall | K32: static | L32: barrier | M32: static | N32: ref_open | O32: static | P32: barrier | Q32: walk | R32: ref_back | S32: static | T32: ref_back | U32: static | V32: ref_back | W32: static | X32: ref_back | Y32: static | Z32: ref_back | AA32: static | AB32: ref_open | AC32: static | AD32: ref_open | AE32: static | AF32: floor | AG32: static | AH32: ref_next | AI32: static | AL32: ref_back | AM32: static | AN32: ref_back | AO32: static | AP32: ref_back | AQ32: static | AR32: ref_back | AS32: static | AT32: ref_back | AU32: static | AV32: ref_back | AW32: static | AX32: ref_back | AY32: static | BA32: 71 | BB32: 71 | BC32: 51 | BD32: 15 | BE32: M | BF32: M | BG32: 26.79 | BH32: 10 | BI32: 7 | BJ32: 0 | BK32: 2
A33: NCE1 | B33: 32 | C33: 4 | D33: 8 | E33: 45936 | F33: light | G33: eel | H33: floor | I33: static | J33: ref_next | K33: static | L33: wall | M33: static | N33: wall | O33: static | P33: barrier | Q33: walk | R33: floor | S33: static | T33: barrier | U33: climb | V33: barrier | W33: climb | X33: barrier | Y33: climb | Z33: barrier | AA33: climb | AB33: wall | AC33: static | AD33: ref_next | AE33: static | AF33: ref_next | AG33: static | AH33: ref_next | AI33: static | AL33: ref_next | AM33: static | AN33: ref_next | AO33: static | AP33: wall | AQ33: static | AR33: ref_next | AS33: static | AT33: ref_next | AU33: static | AV33: ref_next | AW33: static | AX33: wall | AY33: static | BA33: 72 | BB33: 72 | BD33: 16 | BE33: M | BF33: M | BG33: 28.22 | BH33: 11 | BI33: 8 | BJ33: 2 | BK33: 2
A34: NCE2 | B34: 33 | C34: 5 | D34: 1 | E34: 45943 | F34: dark | G34: catfish | H34: floor | I34: walk | J34: ref_next | K34: static | L34: ref_next | M34: static | N34: barrier | O34: walk | P34: barrier | Q34: walk | R34: ref_next | S34: static | T34: wall | U34: static | V34: wall | W34: static | X34: wall | Y34: static | Z34: wall | AA34: static | AB34: wall | AC34: walk | AD34: barrier | AE34: climb | AF34: ref_next | AG34: walk | AH34: wall | AI34: static | AL34: wall | AM34: static | AN34: wall | AO34: static | AP34: wall | AQ34: static | AR34: wall | AS34: static | AT34: ref_next | AU34: static | AV34: ref_next | AW34: static | AX34: ref_next | AY34: static | BA34: 43 | BB34: 73 | BC34: 5 | BD34: 1 | BE34: M | BF34: M | BG34: 23.72 | BH34: 10 | BI34: 8 | BJ34: 1 | BK34: 2
A35: NCE2 | B35: 34 | C35: 5 | D35: 2 | E35: 45943 | F35: dark | G35: eel | H35: wall | I35: walk | J35: ref_next | K35: static | L35: ref_next | M35: static | N35: wall | O35: static | P35: wall | Q35: static | R35: wall | S35: static | T35: wall | U35: static | V35: wall | W35: static | X35: floor | Y35: walk | Z35: ref_next | AA35: walk | AB35: barrier | AC35: climb | AD35: barrier | AE35: climb | AF35: barrier | AG35: climb | AH35: barrier | AI35: climb | AL35: barrier | AM35: climb | AN35: barrier | AO35: climb | AP35: barrier | AQ35: climb | AR35: barrier | AS35: climb | AT35: barrier | AU35: climb | AV35: barrier | AW35: climb | AX35: barrier | AY35: climb | AZ35: eel in kōura side t90 | BA35: 74 | BB35: 74 | BD35: 2 | BE35: M | BF35: M | BG35: 26.68 | BH35: 14 | BI35: 8 | BJ35: 2 | BK35: 2
A36: NCE2 | B36: 35 | C36: 5 | D36: 3 | E36: 45943 | F36: dark | G36: control | H36: barrier | I36: static | J36: wall | K36: static | L36: barrier | M36: climb | N36: barrier | O36: climb | P36: barrier | Q36: climb | R36: barrier | S36: climb | T36: floor | U36: walk | V36: barrier | W36: climb | X36: barrier | Y36: climb | Z36: barrier | AA36: climb | AB36: barrier | AC36: climb | AD36: barrier | AE36: climb | AF36: barrier | AG36: static | AH36: wall | AI36: static | AL36: barrier | AM36: static | AN36: ref_back | AO36: static | AP36: ref_back | AQ36: static | AR36: ref_back | AS36: static | AT36: floor | AU36: walk | AV36: wall | AW36: static | AX36: barrier | AY36: walk | BA36: 49 | BB36: 75 | BC36: 16 | BD36: 3 | BE36: M | BF36: M | BG36: 25.38 | BH36: 9 | BI36: 6 | BJ36: 1 | BK36: 1
A37: NCE2 | B37: 36 | C37: 5 | D37: 4 | E37: 45943 | F37: dark | G37: catfish | H37: floor | I37: static | J37: floor | K37: walk | L37: barrier | M37: climb | N37: wall | O37: walk | P37: barrier | Q37: climb | R37: wall | S37: walk | T37: wall | U37: walk | V37: wall | W37: static | X37: barrier | Y37: static | Z37: ref_next | AA37: walk | AB37: ref_next | AC37: static | AD37: wall | AE37: walk | AF37: wall | AG37: walk | AH37: barrier | AI37: static | AL37: ref_next | AM37: static | AN37: ref_next | AO37: static | AP37: wall | AQ37: static | AR37: ref_next | AS37: static | AT37: barrier | AU37: static | AV37: barrier | AW37: walk | AX37: barrier | AY37: static | BA37: 76 | BB37: 76 | BD37: 4 | BE37: M | BF37: L | BG37: 30.28 | BH37: 19 | BI37: 8 | BJ37: 2 | BK37: 2
A38: NCE2 | B38: 37 | C38: 5 | D38: 5 | E38: 45943 | F38: dark | G38: eel | H38: wall | I38: static | J38: ref_next | K38: static | L38: ref_back | M38: static | N38: ref_back | O38: static | P38: ref_back | Q38: static | R38: ref_back | S38: static | T38: ref_back | U38: static | V38: ref_back | W38: static | X38: ref_back | Y38: static | Z38: ref_back | AA38: static | AB38: ref_back | AC38: static | AD38: ref_back | AE38: static | AF38: ref_back | AG38: static | AH38: ref_back | AI38: static | AL38: wall | AM38: static | AN38: floor | AO38: static | AP38: barrier | AQ38: climb | AR38: barrier | AS38: climb | AT38: barrier | AU38: climb | AV38: wall | AW38: static | AX38: ref_next | AY38: static | BA38: 77 | BB38: 77 | BD38: 5 | BE38: M | BF38: M | BG38: 26.63 | BH38: 12 | BI38: 8 | BJ38: 2 | BK38: 0
A39: NCE2 | B39: 38 | C39: 5 | D39: 6 | E39: 45943 | F39: dark | G39: control | H39: barrier | I39: climb | J39: barrier | K39: walk | L39: ref_back | M39: static | N39: ref_back | O39: static | P39: barrier | Q39: walk | R39: barrier | S39: climb | T39: barrier | U39: climb | V39: ref_back | W39: static | X39: ref_back | Y39: static | Z39: ref_open | AA39: static | AB39: ref_back | AC39: static | AD39: ref_back | AE39: static | AF39: ref_open | AG39: static | AH39: barrier | AI39: climb | AL39: ref_back | AM39: static | AN39: ref_back | AO39: static | AP39: ref_back | AQ39: static | AR39: ref_back | AS39: static | AT39: ref_back | AU39: static | AV39: ref_back | AW39: static | AX39: ref_back | AY39: static | BA39: 78 | BB39: 78 | BD39: 6 | BE39: M | BF39: S | BG39: 18.35 | BH39: 3 | BI39: 8 | BJ39: 2 | BK39: 2
A40: NCE2 | B40: 39 | C40: 5 | D40: 7 | E40: 45943 | F40: dark | G40: catfish | H40: wall | I40: walk | J40: wall | K40: walk | L40: barrier | M40: static | N40: barrier | O40: climb | P40: barrier | Q40: climb | R40: ref_next | S40: static | T40: barrier | U40: climb | V40: barrier | W40: climb | X40: barrier | Y40: climb | Z40: barrier | AA40: climb | AB40: barrier | AC40: climb | AD40: wall | AE40: climb | AF40: barrier | AG40: static | AH40: barrier | AI40: static | AL40: ref_back | AM40: static | AN40: ref_back | AO40: static | AP40: ref_back | AQ40: static | AR40: ref_back | AS40: static | AT40: ref_back | AU40: static | AV40: ref_open | AW40: static | AX40: ref_back | AY40: static | BA40: 79 | BB40: 79 | BD40: 7 | BE40: M | BF40: M | BG40: 24.24 | BH40: 10 | BI40: 6 | BJ40: 2 | BK40: 2
A41: NCE2 | B41: 40 | C41: 5 | D41: 8 | E41: 45943 | F41: dark | G41: eel | H41: wall | I41: static | J41: wall | K41: walk | L41: floor | M41: walk | N41: wall | O41: walk | P41: wall | Q41: walk | R41: barrier | S41: climb | T41: ref_open | U41: static | V41: ref_back | W41: static | X41: ref_back | Y41: static | Z41: ref_back | AA41: static | AB41: ref_back | AC41: static | AD41: ref_open | AE41: static | AF41: ref_back | AG41: static | AH41: ref_back | AI41: static | AL41: ref_open | AM41: static | AN41: ref_open | AO41: static | AP41: ref_back | AQ41: static | AR41: ref_back | AS41: static | AT41: ref_back | AU41: static | AV41: ref_open | AW41: static | AX41: ref_open | AY41: static | BA41: 52 | BB41: 80 | BC41: 24 | BD41: 8 | BE41: M | BF41: M | BG41: 20.05 | BH41: 15 | BI41: 8 | BJ41: 2 | BK41: 2 | BL41: probably error in length measurment
A42: NCE2 | B42: 41 | C42: 6 | D42: 1 | E42: 45944 | F42: dark | G42: control | H42: ref_next | I42: static | J42: barrier | K42: walk | L42: wall | M42: walk | N42: barrier | O42: walk | P42: barrier | Q42: walk | R42: barrier | S42: walk | T42: barrier | U42: static | V42: barrier | W42: static | X42: barrier | Y42: static | Z42: barrier | AA42: static | AB42: barrier | AC42: static | AD42: barrier | AE42: static | AF42: barrier | AG42: walk | AH42: barrier | AI42: walk | AL42: barrier | AM42: climb | AN42: barrier | AO42: climb | AP42: barrier | AQ42: climb | AR42: barrier | AS42: static | AT42: barrier | AU42: climb | AV42: barrier | AW42: climb | AX42: barrier | AY42: climb | BA42: 81 | BB42: 81 | BD42: 9 | BE42: M | BF42: L | BG42: 30.59 | BH42: 20 | BI42: 8 | BJ42: 2 | BK42: 2
A43: NCE2 | B43: 42 | C43: 6 | D43: 2 | E43: 45944 | F43: dark | G43: catfish | H43: barrier | I43: static | J43: ref_back | K43: static | L43: wall | M43: walk | N43: ref_back | O43: static | P43: ref_next | Q43: static | R43: ref_back | S43: static | T43: ref_back | U43: static | V43: ref_back | W43: static | X43: ref_back | Y43: static | Z43: ref_back | AA43: static | AB43: ref_back | AC43: static | AD43: ref_back | AE43: static | AF43: ref_back | AG43: static | AH43: ref_back | AI43: static | AL43: ref_back | AM43: static | AN43: ref_back | AO43: static | AP43: ref_back | AQ43: static | AR43: ref_back | AS43: static | AT43: barrier | AU43: climb | AV43: ref_back | AW43: static | AX43: ref_back | AY43: static | BA43: 82 | BB43: 82 | BC43: 67 | BD43: 10 | BE43: M | BF43: M | BG43: 27.43 | BH43: 15 | BI43: 8 | BJ43: 2 | BK43: 2
A44: NCE2 | B44: 43 | C44: 6 | D44: 3 | E44: 45944 | F44: dark | G44: eel | H44: floor | I44: static | J44: barrier | K44: static | L44: barrier | M44: static | N44: barrier | O44: walk | P44: barrier | Q44: climb | R44: barrier | S44: climb | T44: wall | U44: static | V44: wall | W44: static | X44: barrier | Y44: climb | Z44: barrier | AA44: climb | AB44: barrier | AC44: climb | AD44: barrier | AE44: climb | AF44: wall | AG44: static | AH44: ref_next | AI44: static | AL44: barrier | AM44: climb | AN44: ref_next | AO44: static | AP44: ref_next | AQ44: static | AR44: ref_next | AS44: static | AT44: barrier | AU44: climb | AV44: barrier | AW44: climb | AX44: ref_next | AY44: static | BA44: 83 | BB44: 83 | BD44: 11 | BE44: M | BF44: M | BG44: 28.3 | BH44: 15 | BI44: 8 | BJ44: 2 | BK44: 2
A45: NCE2 | B45: 44 | C45: 6 | D45: 4 | E45: 45944 | F45: dark | G45: control | H45: floor | I45: static | J45: barrier | K45: static | L45: barrier | M45: static | N45: barrier | O45: walk | P45: ref_open | Q45: static | R45: ref_back | S45: static | T45: ref_back | U45: static | V45: ref_back | W45: static | X45: ref_back | Y45: static | Z45: ref_back | AA45: static | AB45: ref_back | AC45: static | AD45: ref_open | AE45: static | AF45: wall | AG45: static | AH45: barrier | AI45: climb | AL45: floor | AM45: static | AN45: barrier | AO45: climb | AP45: barrier | AQ45: static | AR45: barrier | AS45: walk | AT45: barrier | AU45: static | AV45: barrier | AW45: climb | AX45: wall | AY45: static | BA45: 84 | BB45: 84 | BD45: 12 | BE45: M | BF45: M | BG45: 25.2 | BH45: 11 | BI45: 8 | BJ45: 2 | BK45: 2 | BL45: soft
A46: NCE2 | B46: 45 | C46: 6 | D46: 5 | E46: 45944 | F46: dark | G46: catfish | H46: wall | I46: walk | J46: barrier | K46: static | L46: barrier | M46: static | N46: barrier | O46: static | P46: barrier | Q46: static | R46: barrier | S46: static | T46: barrier | U46: static | V46: barrier | W46: static | X46: barrier | Y46: static | Z46: barrier | AA46: static | AB46: barrier | AC46: static | AD46: barrier | AE46: static | AF46: wall | AG46: static | AH46: wall | AI46: static | AL46: ref_back | AM46: static | AN46: ref_back | AO46: static | AP46: ref_back | AQ46: static | AR46: ref_back | AS46: static | AT46: ref_back | AU46: static | AV46: ref_back | AW46: static | AX46: ref_back | AY46: static | BA46: 85 | BB46: 85 | BC46: 85 | BD46: 13 | BE46: M | BF46: M | BG46: 29.1 | BH46: 13 | BI46: 7 | BJ46: 1 | BK46: 2 | BL46: soft | BR46: 45943
A47: NCE2 | B47: 46 | C47: 6 | D47: 6 | E47: 45944 | F47: dark | G47: eel | H47: ref_next | I47: static | J47: ref_open | K47: static | L47: barrier | M47: walk | N47: barrier | O47: climb | P47: wall | Q47: static | R47: barrier | S47: climb | T47: ref_next | U47: static | V47: ref_next | W47: static | X47: ref_next | Y47: static | Z47: ref_next | AA47: static | AB47: ref_back | AC47: static | AD47: wall | AE47: static | AF47: ref_next | AG47: static | AH47: ref_next | AI47: static | AL47: ref_next | AM47: static | AN47: ref_next | AO47: static | AP47: ref_next | AQ47: static | AR47: ref_next | AS47: static | AT47: ref_next | AU47: static | AV47: ref_next | AW47: static | AX47: ref_next | AY47: static | BA47: 55 | BB47: 86 | BC47: 29 | BD47: 14 | BE47: M | BF47: L | BG47: 30.95 | BH47: 19 | BI47: 8 | BJ47: 2 | BK47: 2
A48: NCE2 | B48: 47 | C48: 6 | D48: 7 | E48: 45944 | F48: dark | G48: control | H48: wall | I48: swim | J48: wall | K48: walk | L48: ref_next | M48: static | N48: wall | O48: static | P48: barrier | Q48: static | R48: barrier | S48: static | T48: barrier | U48: walk | V48: barrier | W48: static | X48: wall | Y48: walk | Z48: wall | AA48: static | AB48: barrier | AC48: walk | AD48: barrier | AE48: climb | AF48: barrier | AG48: climb | AH48: barrier | AI48: static | AL48: wall | AM48: static | AN48: wall | AO48: static | AP48: wall | AQ48: static | AR48: barrier | AS48: climb | AT48: barrier | AU48: walk | AV48: barrier | AW48: climb | AX48: barrier | AY48: climb | BA48: 87 | BB48: 87 | BD48: 15 | BE48: M | BF48: S | BG48: 21.26 | BH48: 7 | BI48: 6 | BJ48: 2 | BK48: 2
A49: NCE2 | B49: 48 | C49: 6 | D49: 8 | E49: 45944 | F49: dark | G49: catfish | H49: wall | I49: swim | J49: ref_back | K49: static | L49: barrier | M49: walk | N49: barrier | O49: walk | P49: barrier | Q49: walk | R49: ref_back | S49: static | T49: ref_back | U49: static | V49: ref_back | W49: static | X49: ref_back | Y49: static | Z49: ref_back | AA49: static | AB49: ref_back | AC49: static | AD49: ref_back | AE49: static | AF49: ref_back | AG49: static | AH49: ref_back | AI49: static | AL49: wall | AM49: walk | AN49: ref_back | AO49: static | AP49: ref_back | AQ49: static | AR49: ref_back | AS49: static | AT49: ref_back | AU49: static | AV49: ref_back | AW49: static | AX49: ref_back | AY49: static | BA49: 70 | BB49: 88 | BC49: 70 | BD49: 16 | BE49: M | BF49: M | BG49: 25.99 | BH49: 13 | BI49: 8 | BJ49: 2 | BK49: 2
A50: NCE2 | B50: 49 | C50: 7 | D50: 1 | E50: 45945 | F50: dark | G50: eel | H50: wall | I50: walk | J50: barrier | K50: static | L50: barrier | M50: static | N50: ref_next | O50: static | P50: ref_next | Q50: static | R50: ref_back | S50: static | T50: ref_back | U50: static | V50: ref_back | W50: static | X50: ref_back | Y50: static | Z50: ref_back | AA50: static | AB50: ref_back | AC50: static | AD50: ref_back | AE50: static | AF50: ref_back | AG50: static | AH50: barrier | AI50: climb | AL50: barrier | AM50: climb | AN50: barrier | AO50: climb | AP50: barrier | AQ50: climb | AR50: barrier | AS50: climb | AT50: barrier | AU50: climb | AV50: barrier | AW50: static | AX50: floor | AY50: static | BA50: 89 | BB50: 89 | BD50: 1 | BE50: M | BF50: M | BG50: 27.28 | BH50: 12 | BI50: 8 | BJ50: 1 | BK50: 2
A51: NCE2 | B51: 50 | C51: 7 | D51: 2 | E51: 45945 | F51: dark | G51: control | H51: ref_back | I51: static | J51: ref_back | K51: static | L51: ref_back | M51: static | N51: ref_back | O51: static | P51: ref_back | Q51: static | R51: ref_back | S51: static | T51: ref_back | U51: static | V51: ref_back | W51: static | X51: ref_back | Y51: static | Z51: ref_back | AA51: static | AB51: ref_back | AC51: static | AD51: ref_back | AE51: static | AF51: ref_back | AG51: static | AH51: ref_back | AI51: static | AL51: ref_back | AM51: static | AN51: ref_back | AO51: static | AP51: ref_back | AQ51: static | AR51: ref_back | AS51: static | AT51: ref_back | AU51: static | AV51: ref_back | AW51: static | AX51: ref_back | AY51: static | BA51: 90 | BB51: 90 | BD51: 2 | BE51: M | BF51: L | BG51: 31.72 | BH51: 19 | BI51: 7 | BJ51: 2 | BK51: 2
A52: NCE2 | B52: 51 | C52: 7 | D52: 3 | E52: 45945 | F52: dark | G52: catfish | H52: ref_back | I52: static | J52: ref_back | K52: static | L52: ref_open | M52: static | N52: ref_back | O52: static | P52: ref_back | Q52: static | R52: ref_back | S52: static | T52: ref_back | U52: static | V52: ref_back | W52: static | X52: ref_back | Y52: static | Z52: ref_back | AA52: static | AB52: ref_back | AC52: static | AD52: ref_back | AE52: static | AF52: ref_back | AG52: static | AH52: ref_back | AI52: static | AL52: ref_back | AM52: static | AN52: ref_back | AO52: static | AP52: ref_back | AQ52: static | AR52: ref_back | AS52: static | AT52: ref_back | AU52: static | AV52: ref_back | AW52: static | AX52: ref_back | AY52: static | BA52: 91 | BB52: 91 | BD52: 3 | BE52: M | BF52: S | BG52: 22.71 | BH52: 6 | BI52: 8 | BJ52: 1 | BK52: 2
A53: NCE2 | B53: 52 | C53: 7 | D53: 4 | E53: 45945 | F53: dark | G53: eel | H53: floor | I53: walk | J53: barrier | K53: climb | L53: wall | M53: static | N53: barrier | O53: climb | P53: barrier | Q53: climb | R53: barrier | S53: climb | T53: barrier | U53: climb | V53: barrier | W53: climb | X53: barrier | Y53: climb | Z53: barrier | AA53: climb | AB53: barrier | AC53: climb | AD53: barrier | AE53: climb | AF53: barrier | AG53: climb | AH53: barrier | AI53: climb | AL53: barrier | AM53: climb | AN53: barrier | AO53: climb | AP53: barrier | AQ53: climb | AR53: barrier | AS53: climb | AT53: barrier | AU53: climb | AV53: barrier | AW53: climb | AX53: barrier | AY53: climb | BA53: 92 | BB53: 92 | BD53: 4 | BE53: M | BF53: S | BG53: 20.97 | BH53: 5 | BI53: 8 | BJ53: 1 | BK53: 2
A54: NCE2 | B54: 53 | C54: 7 | D54: 5 | E54: 45945 | F54: dark | G54: control | H54: ref_next | I54: static | J54: wall | K54: static | L54: wall | M54: static | N54: ref_next | O54: static | P54: ref_next | Q54: static | R54: ref_next | S54: static | T54: ref_next | U54: static | V54: ref_next | W54: static | X54: ref_next | Y54: static | Z54: ref_next | AA54: static | AB54: ref_next | AC54: static | AD54: ref_next | AE54: static | AF54: ref_next | AG54: static | AH54: ref_next | AI54: static | AL54: barrier | AM54: climb | AN54: ref_open | AO54: static | AP54: ref_back | AQ54: static | AR54: ref_open | AS54: static | AT54: ref_back | AU54: static | AV54: ref_back | AW54: static | AX54: ref_back | AY54: static | BA54: 93 | BB54: 93 | BD54: 5 | BE54: M | BF54: L | BG54: 32.95 | BH54: 23 | BI54: 7 | BJ54: 2 | BK54: 2
A55: NCE2 | B55: 54 | C55: 7 | D55: 6 | E55: 45945 | F55: dark | G55: catfish | H55: ref_back | I55: static | J55: wall | K55: walk | L55: barrier | M55: static | N55: ref_back | O55: static | P55: ref_back | Q55: static | R55: ref_back | S55: static | T55: ref_back | U55: static | V55: ref_back | W55: static | X55: ref_back | Y55: static | Z55: ref_back | AA55: static | AB55: ref_back | AC55: static | AD55: ref_back | AE55: static | AF55: ref_back | AG55: static | AH55: ref_back | AI55: static | AL55: ref_back | AM55: static | AN55: ref_back | AO55: static | AP55: ref_back | AQ55: static | AR55: ref_back | AS55: static | AT55: ref_back | AU55: static | AV55: ref_open | AW55: static | AX55: ref_back | AY55: static | BA55: 94 | BB55: 94 | BC55: 52 | BD55: 6 | BE55: M | BF55: M | BG55: 25.55 | BH55: 9 | BI55: 4 | BJ55: 0 | BK55: 2
A56: NCE2 | B56: 55 | C56: 7 | D56: 7 | E56: 45945 | F56: dark | G56: eel | H56: wall | I56: static | J56: wall | K56: static | L56: wall | M56: static | N56: barrier | O56: climb | P56: barrier | Q56: climb | R56: barrier | S56: climb | T56: barrier | U56: climb | V56: barrier | W56: climb | X56: barrier | Y56: climb | Z56: barrier | AA56: climb | AB56: barrier | AC56: climb | AD56: barrier | AE56: climb | AF56: barrier | AG56: climb | AH56: barrier | AI56: climb | AL56: barrier | AM56: climb | AN56: barrier | AO56: climb | AP56: barrier | AQ56: climb | AR56: barrier | AS56: climb | AT56: barrier | AU56: climb | AV56: barrier | AW56: climb | AX56: barrier | AY56: climb | BA56: 49 | BB56: 75 | BD56: 7 | BE56: M | BF56: M | BG56: 25.38 | BH56: 9 | BI56: 6 | BJ56: 1 | BK56: 1
A57: NCE2 | B57: 56 | C57: 7 | D57: 8 | E57: 45945 | F57: dark | G57: control | H57: barrier | I57: static | J57: floor | K57: walk | L57: wall | M57: static | N57: floor | O57: static | P57: floor | Q57: static | R57: ref_next | S57: static | T57: floor | U57: static | V57: floor | W57: static | X57: barrier | Y57: static | Z57: barrier | AA57: static | AB57: barrier | AC57: static | AD57: barrier | AE57: static | AF57: wall | AG57: static | AH57: ref_next | AI57: static | AL57: wall | AM57: static | AN57: wall | AO57: static | AP57: ref_next | AQ57: walk | AR57: wall | AS57: static | AT57: wall | AU57: static | AV57: wall | AW57: static | AX57: wall | AY57: static | BA57: 96 | BB57: 96 | BC57: 79 | BD57: 8 | BE57: M | BF57: S | BG57: 21.73 | BH57: 5 | BI57: 5 | BJ57: 1 | BK57: 2
A58: NCE2 | B58: 57 | C58: 8 | D58: 1 | E58: 45946 | F58: dark | G58: catfish | H58: ref_next | I58: static | J58: ref_back | K58: static | L58: ref_back | M58: static | N58: barrier | O58: static | P58: barrier | Q58: climb | R58: barrier | S58: climb | T58: barrier | U58: walk | V58: barrier | W58: static | X58: barrier | Y58: static | Z58: barrier | AA58: static | AB58: barrier | AC58: static | AD58: barrier | AE58: climb | AF58: barrier | AG58: static | AH58: ref_back | AI58: static | AL58: ref_back | AM58: static | AN58: ref_back | AO58: static | AP58: ref_back | AQ58: static | AR58: ref_back | AS58: static | AT58: ref_back | AU58: static | AV58: ref_back | AW58: static | AX58: ref_back | AY58: static | BA58: 97 | BB58: 97 | BD58: 9 | BE58: M | BF58: L | BG58: 30.22 | BH58: 16 | BI58: 6 | BJ58: 1 | BK58: 2
A59: NCE2 | B59: 58 | C59: 8 | D59: 2 | E59: 45946 | F59: dark | G59: eel | H59: wall | I59: static | J59: barrier | K59: walk | L59: barrier | M59: walk | N59: floor | O59: static | P59: barrier | Q59: climb | R59: wall | S59: static | T59: wall | U59: static | V59: wall | W59: static | X59: wall | Y59: static | Z59: wall | AA59: static | AB59: wall | AC59: static | AD59: wall | AE59: static | AF59: barrier | AG59: static | AH59: wall | AI59: static | AL59: wall | AM59: static | AN59: wall | AO59: static | AP59: wall | AQ59: static | AR59: wall | AS59: static | AT59: wall | AU59: static | AV59: wall | AW59: static | AX59: wall | AY59: static | BA59: 98 | BB59: 98 | BD59: 10 | BE59: M | BF59: L | BG59: 30.91 | BH59: 21 | BI59: 8 | BJ59: 2 | BK59: 2
A60: NCE2 | B60: 59 | C60: 8 | D60: 3 | E60: 45946 | F60: dark | G60: control | H60: floor | I60: static | J60: ref_back | K60: static | L60: ref_back | M60: static | N60: ref_back | O60: static | P60: ref_back | Q60: static | R60: ref_back | S60: static | T60: ref_back | U60: static | V60: ref_back | W60: static | X60: ref_back | Y60: static | Z60: ref_back | AA60: static | AB60: ref_back | AC60: static | AD60: ref_back | AE60: static | AF60: barrier | AG60: climb | AH60: ref_back | AI60: static | AL60: wall | AM60: static | AN60: ref_back | AO60: static | AP60: ref_back | AQ60: static | AR60: ref_back | AS60: static | AT60: ref_back | AU60: static | AV60: ref_back | AW60: static | AX60: ref_back | AY60: static | BA60: 99 | BB60: 99 | BD60: 11 | BE60: M | BF60: M | BG60: 25.21 | BH60: 8 | BI60: 8 | BJ60: 2 | BK60: 2 | BL60: soft | BR60: 45944
A61: NCE2 | B61: 60 | C61: 8 | D61: 4 | E61: 45946 | F61: dark | G61: catfish | H61: ref_next | I61: static | J61: wall | K61: static | L61: floor | M61: walk | N61: barrier | O61: climb | P61: wall | Q61: static | R61: barrier | S61: climb | T61: barrier | U61: climb | V61: barrier | W61: climb | X61: barrier | Y61: climb | Z61: barrier | AA61: climb | AB61: barrier | AC61: climb | AD61: ref_back | AE61: static | AF61: wall | AG61: static | AH61: barrier | AI61: static | AL61: barrier | AM61: static | AN61: barrier | AO61: climb | AP61: barrier | AQ61: climb | AR61: barrier | AS61: static | AT61: wall | AU61: static | AV61: barrier | AW61: walk | AX61: barrier | AY61: static | BA61: 100 | BB61: 100 | BD61: 12 | BE61: M | BF61: S | BG61: 21.46 | BH61: 6 | BI61: 8 | BJ61: 2 | BK61: 2
A62: NCE2 | B62: 61 | C62: 8 | D62: 5 | E62: 45946 | F62: dark | G62: eel | H62: floor | I62: static | J62: wall | K62: static | L62: barrier | M62: climb | N62: barrier | O62: climb | P62: barrier | Q62: climb | R62: barrier | S62: climb | T62: barrier | U62: climb | V62: barrier | W62: climb | X62: barrier | Y62: climb | Z62: barrier | AA62: climb | AB62: barrier | AC62: climb | AD62: barrier | AE62: climb | AF62: barrier | AG62: climb | AH62: barrier | AI62: climb | AL62: barrier | AM62: climb | AN62: barrier | AO62: walk | AP62: ref_back | AQ62: static | AR62: ref_back | AS62: static | AT62: ref_back | AU62: static | AV62: barrier | AW62: climb | AX62: barrier | AY62: climb | BA62: 78 | BB62: 78 | BD62: 13 | BE62: M | BF62: S | BG62: 18.35 | BH62: 3 | BI62: 8 | BJ62: 2 | BK62: 2
A63: NCE2 | B63: 62 | C63: 8 | D63: 6 | E63: 45946 | F63: dark | G63: control | H63: barrier | I63: static | J63: barrier | K63: static | L63: barrier | M63: static | N63: barrier | O63: static | P63: barrier | Q63: walk | R63: barrier | S63: static | T63: barrier | U63: static | V63: barrier | W63: static | X63: barrier | Y63: static | Z63: barrier | AA63: static | AB63: barrier | AC63: climb | AD63: barrier | AE63: static | AF63: barrier | AG63: static | AH63: barrier | AI63: static | AL63: barrier | AM63: static | AN63: barrier | AO63: static | AP63: barrier | AQ63: static | AR63: barrier | AS63: static | AT63: barrier | AU63: static | AV63: barrier | AW63: static | AX63: barrier | AY63: static | BA63: 102 | BB63: 102 | BC63: 58 | BD63: 14 | BE63: M | BF63: M | BG63: 26.87 | BH63: 11 | BI63: 7 | BJ63: 2 | BK63: 2
A64: NCE2 | B64: 63 | C64: 8 | D64: 7 | E64: 45946 | F64: dark | G64: catfish | H64: floor | I64: static | J64: floor | K64: static | L64: wall | M64: static | N64: ref_open | O64: walk | P64: ref_open | Q64: walk | R64: barrier | S64: walk | T64: ref_next | U64: static | V64: ref_next | W64: static | X64: wall | Y64: walk | Z64: barrier | AA64: climb | AB64: wall | AC64: static | AD64: barrier | AE64: walk | AF64: ref_next | AG64: static | AH64: wall | AI64: walk | AL64: barrier | AM64: walk | AN64: barrier | AO64: walk | AP64: barrier | AQ64: static | AR64: floor | AS64: walk | AT64: barrier | AU64: walk | AV64: barrier | AW64: walk | AX64: barrier | AY64: walk | BA64: 84 | BB64: 84 | BD64: 15 | BE64: M | BF64: M | BG64: 25.2 | BH64: 11 | BI64: 8 | BJ64: 2 | BK64: 2
A65: NCE2 | B65: 64 | C65: 8 | D65: 8 | E65: 45946 | F65: dark | G65: eel | H65: ref_back | I65: static | J65: ref_back | K65: static | L65: ref_back | M65: static | N65: ref_back | O65: static | P65: ref_back | Q65: static | R65: ref_back | S65: static | T65: ref_back | U65: static | V65: ref_back | W65: static | X65: ref_back | Y65: static | Z65: ref_back | AA65: static | AB65: ref_back | AC65: static | AD65: ref_back | AE65: static | AF65: ref_back | AG65: static | AH65: barrier | AI65: static | AL65: wall | AM65: static | AN65: barrier | AO65: static | AP65: wall | AQ65: static | AR65: ref_back | AS65: static | AT65: ref_back | AU65: static | AV65: ref_back | AW65: static | AX65: ref_back | AY65: static | BA65: 87 | BB65: 87 | BD65: 16 | BE65: M | BF65: S | BG65: 21.26 | BH65: 7 | BI65: 6 | BJ65: 2 | BK65: 2

Sheet Long
A1: experiment | B1: exp_id | C1: round | D1: tank | E1: date | F1: light | G1: treatment | H1: location_T0 | I1: behaviour_T0 | J1: location_T300 | K1: behaviour_T300 | L1: notes_exp | M1: koura_id | N1: old_id | O1: hold_tank | P1: sex | Q1: size_class | R1: size_mm1 | S1: weight_g1 | T1: legs1 | U1: claws1 | V1: antenna1 | W1: note | X1: size_mm2 | Y1: weight_g2 | Z1: legs2 | AA1: claws2 | AB1: antenna2 | AC1: moult_date | AD1: notes_koura
A2: NCE3 | B2: 65 | C2: 9 | D2: 1 | E2: 45946 | F2: long | G2: catfish | H2: ref_back | I2: static | J2: ref_back | K2: static | L2: T=1110 | M2: 97 | O2: 9 | P2: M | Q2: L | R2: 30.22 | S2: 16 | T2: 6 | U2: 1 | V2: 2
A3: NCE3 | B3: 66 | C3: 9 | D3: 2 | E3: 45946 | F3: long | G3: eel | H3: wall | I3: static | L3: eel + kōura escaped found in gutter | M3: 98 | O3: 10 | P3: M | Q3: L | R3: 30.91 | S3: 21 | T3: 8 | U3: 2 | V3: 2
A4: NCE3 | B4: 67 | C4: 9 | D4: 3 | E4: 45946 | F4: long | G4: control | H4: ref_back | I4: static | J4: ref_back | K4: static | M4: 99 | O4: 11 | P4: M | Q4: M | R4: 25.21 | S4: 8 | T4: 8 | U4: 2 | V4: 2 | W4: soft | AC4: 45944
A5: NCE3 | B5: 68 | C5: 9 | D5: 4 | E5: 45946 | F5: long | G5: catfish | H5: barrier | I5: static | J5: ref_back | K5: static | M5: 100 | O5: 12 | P5: M | Q5: S | R5: 21.46 | S5: 6 | T5: 8 | U5: 2 | V5: 2
A6: NCE3 | B6: 69 | C6: 9 | D6: 5 | E6: 45946 | F6: long | G6: eel | H6: barrier | I6: climb | L6: eel + kōura escaped found on floor | M6: 78 | O6: 13 | P6: M | Q6: S | R6: 18.35 | S6: 3 | T6: 8 | U6: 2 | V6: 2
A7: NCE3 | B7: 70 | C7: 9 | D7: 6 | E7: 45946 | F7: long | G7: control | H7: barrier | I7: static | J7: wall | K7: static | M7: 102 | N7: 58 | O7: 14 | P7: M | Q7: M | R7: 26.87 | S7: 11 | T7: 7 | U7: 2 | V7: 2
A8: NCE3 | B8: 71 | C8: 9 | D8: 7 | E8: 45946 | F8: long | G8: catfish | H8: barrier | I8: walk | J8: barrier | K8: climb | M8: 84 | O8: 15 | P8: M | Q8: M | R8: 25.2 | S8: 11 | T8: 8 | U8: 2 | V8: 2
A9: NCE3 | B9: 72 | C9: 9 | D9: 8 | E9: 45946 | F9: long | G9: eel | H9: ref_back | I9: static | J9: wall | K9: static | L9: eel escaped | M9: 87 | O9: 16 | P9: M | Q9: S | R9: 21.26 | S9: 7 | T9: 6 | U9: 2 | V9: 2

Sheet GoPro
A1: date | B1: exp | C1: name_vid | D1: round | E1: camera | F1: first | G1: end | H1: fotos | I1: interval | J1: time_run | K1: time_in | L1: time_fin | M1: make text file
A2: 45931 | B2: NCE1 | C2: NCE1_R1_tank1-4 | D2: 1 | E2: 3 | F2: 10008 | G2: 13681 | H2: =G2-F2+1 -> 3674 | I2: 5 | J2: =IF(OR(H2="",I2=""),"", ((H2-1)*I2)/86400) -> 0.21255787 | L2: =K2+J2 -> 0.21255787 | M2: $min=10008; $max=13681; Get-ChildItem -Filter "G*.JPG" | Where-Object { $_.BaseName -match '^G(\d{7})$' -and ([int]$Matches[1] -ge $min) -and ([int]$Matches[1] -le $max) } | Sort-Object Name | ForEach-Object { "file '$($_.FullName)'" } | Set-Content files.txt
A3: 45931 | B3: NCE1 | C3: NCE1_R1_tank5-8 | D3: 1 | E3: 4 | F3: 12509 | G3: 16183 | H3: =G3-F3+1 -> 3675 | I3: 5 | J3: =IF(OR(H3="",I3=""),"", ((H3-1)*I3)/86400) -> 0.21261574 | L3: =K3+J3 -> 0.21261574 | M3: $min=12509; $max=16183; Get-ChildItem -Filter "G*.JPG" | Where-Object { $_.BaseName -match '^G(\d{7})$' -and ([int]$Matches[1] -ge $min) -and ([int]$Matches[1] -le $max) } | Sort-Object Name | ForEach-Object { "file '$($_.FullName)'" } | Set-Content files.txt
A4: 45932 | B4: NCE1 | C4: NCE1_R2_tank1-4 | D4: 2 | E4: 4 | F4: 13682 | G4: 17320 | H4: =G4-F4+1 -> 3639 | I4: 5 | J4: =IF(OR(H4="",I4=""),"", ((H4-1)*I4)/86400) -> 0.21053241 | L4: =K4+J4 -> 0.21053241 | M4: $min=13682; $max=17320; Get-ChildItem -Filter "G*.JPG" | Where-Object { $_.BaseName -match '^G(\d{7})$' -and ([int]$Matches[1] -ge $min) -and ([int]$Matches[1] -le $max) } | Sort-Object Name | ForEach-Object { "file '$($_.FullName)'" } | Set-Content files.txt
A5: 45932 | B5: NCE1 | C5: NCE1_R2_tank5-8 | D5: 2 | E5: 1 | F5: 12504 | G5: 16146 | H5: =G5-F5+1 -> 3643 | I5: 5 | J5: =IF(OR(H5="",I5=""),"", ((H5-1)*I5)/86400) -> 0.21076389 | L5: =K5+J5 -> 0.21076389 | M5: $min=12504; $max=16146; Get-ChildItem -Filter "G*.JPG" | Where-Object { $_.BaseName -match '^G(\d{7})$' -and ([int]$Matches[1] -ge $min) -and ([int]$Matches[1] -le $max) } | Sort-Object Name | ForEach-Object { "file '$($_.FullName)'" } | Set-Content files.txt
A6: 45933 | B6: NCE1 | C6: NCE1_R3_tank1-4 | D6: 3 | E6: 4 | F6: 17321 | G6: 20955 | H6: =G6-F6+1 -> 3635 | I6: 5 | J6: =IF(OR(H6="",I6=""),"", ((H6-1)*I6)/86400) -> 0.21030093 | L6: =K6+J6 -> 0.21030093 | M6: $min=17321; $max=20955; Get-ChildItem -Filter "G*.JPG" | Where-Object { $_.BaseName -match '^G(\d{7})$' -and ([int]$Matches[1] -ge $min) -and ([int]$Matches[1] -le $max) } | Sort-Object Name | ForEach-Object { "file '$($_.FullName)'" } | Set-Content files.txt
A7: 45933 | B7: NCE1 | C7: NCE1_R3_tank5-8 | D7: 3 | E7: 1 | F7: 16147 | G7: 19780 | H7: =G7-F7+1 -> 3634 | I7: 5 | J7: =IF(OR(H7="",I7=""),"", ((H7-1)*I7)/86400) -> 0.21024306 | L7: =K7+J7 -> 0.21024306 | M7: $min=16147; $max=19780; Get-ChildItem -Filter "G*.JPG" | Where-Object { $_.BaseName -match '^G(\d{7})$' -and ([int]$Matches[1] -ge $min) -and ([int]$Matches[1] -le $max) } | Sort-Object Name | ForEach-Object { "file '$($_.FullName)'" } | Set-Content files.txt
A8: 45936 | B8: NCE1 | C8: NCE1_R4_tank1-4 | D8: 4 | E8: 1 | F8: 19781 | G8: 19968 | H8: =G8-F8+1 -> 188 | I8: 5 | J8: =IF(OR(H8="",I8=""),"", ((H8-1)*I8)/86400) -> 0.010821759 | L8: =K8+J8 -> 0.010821759 | M8: $min=19781; $max=19968; Get-ChildItem -Filter "G*.JPG" | Where-Object { $_.BaseName -match '^G(\d{7})$' -and ([int]$Matches[1] -ge $min) -and ([int]$Matches[1] -le $max) } | Sort-Object Name | ForEach-Object { "file '$($_.FullName)'" } | Set-Content files.txt
A9: 45936 | B9: NCE1 | C9: NCE1_R4_tank5-8 | D9: 4 | E9: 3 | F9: 16184 | G9: 19813 | H9: =G9-F9+1 -> 3630 | I9: 5 | J9: =IF(OR(H9="",I9=""),"", ((H9-1)*I9)/86400) -> 0.21001157 | L9: =K9+J9 -> 0.21001157 | M9: $min=16184; $max=19813; Get-ChildItem -Filter "G*.JPG" | Where-Object { $_.BaseName -match '^G(\d{7})$' -and ([int]$Matches[1] -ge $min) -and ([int]$Matches[1] -le $max) } | Sort-Object Name | ForEach-Object { "file '$($_.FullName)'" } | Set-Content files.txt
A10: 45943 | B10: NCE2 | C10: NCE2_R5_tank1-4 | D10: 5 | E10: 3 | F10: 29814 | G10: 33456 | H10: =G10-F10+1 -> 3643 | I10: 5 | J10: =IF(OR(H10="",I10=""),"", ((H10-1)*I10)/86400) -> 0.21076389 | L10: =K10+J10 -> 0.21076389 | M10: $min=29814; $max=33456; Get-ChildItem -Filter "G*.JPG" | Where-Object { $_.BaseName -match '^G(\d{7})$' -and ([int]$Matches[1] -ge $min) -and ([int]$Matches[1] -le $max) } | Sort-Object Name | ForEach-Object { "file '$($_.FullName)'" } | Set-Content files.txt
A11: 45943 | B11: NCE2 | C11: NCE2_R5_tank5-8 | D11: 5 | E11: 4 | F11: 10956 | G11: 13415 | H11: =G11-F11+1 -> 2460 | I11: 5 | J11: =IF(OR(H11="",I11=""),"", ((H11-1)*I11)/86400) -> 0.14230324 | L11: =K11+J11 -> 0.14230324 | M11: $min=10956; $max=13415; Get-ChildItem -Filter "G*.JPG" | Where-Object { $_.BaseName -match '^G(\d{7})$' -and ([int]$Matches[1] -ge $min) -and ([int]$Matches[1] -le $max) } | Sort-Object Name | ForEach-Object { "file '$($_.FullName)'" } | Set-Content files.txt | N11: problem with the other gopro so thisone started after T90
A12: 45944 | B12: NCE2 | C12: NCE2_R6_tank1-4 | D12: 6 | E12: 3 | F12: 13457 | G12: 17074 | H12: =G12-F12+1 -> 3618 | I12: 5 | J12: =IF(OR(H12="",I12=""),"", ((H12-1)*I12)/86400) -> 0.20931713 | L12: =K12+J12 -> 0.20931713 | M12: $min=13457; $max=17074; Get-ChildItem -Filter "G*.JPG" | Where-Object { $_.BaseName -match '^G(\d{7})$' -and ([int]$Matches[1] -ge $min) -and ([int]$Matches[1] -le $max) } | Sort-Object Name | ForEach-Object { "file '$($_.FullName)'" } | Set-Content files.txt
A13: 45944 | B13: NCE2 | C13: NCE2_R6_tank5-8 | D13: 6 | E13: 4 | F13: 13416 | G13: 17036 | H13: =G13-F13+1 -> 3621 | I13: 5 | J13: =IF(OR(H13="",I13=""),"", ((H13-1)*I13)/86400) -> 0.20949074 | L13: =K13+J13 -> 0.20949074 | M13: $min=13416; $max=17036; Get-ChildItem -Filter "G*.JPG" | Where-Object { $_.BaseName -match '^G(\d{7})$' -and ([int]$Matches[1] -ge $min) -and ([int]$Matches[1] -le $max) } | Sort-Object Name | ForEach-Object { "file '$($_.FullName)'" } | Set-Content files.txt
A14: 45945 | B14: NCE2 | C14: NCE2_R7_tank1-4 | D14: 7 | E14: 3 | F14: 27077 | G14: 30697 | H14: =G14-F14+1 -> 3621 | I14: 5 | J14: =IF(OR(H14="",I14=""),"", ((H14-1)*I14)/86400) -> 0.20949074 | L14: =K14+J14 -> 0.20949074 | M14: $min=27077; $max=30697; Get-ChildItem -Filter "G*.JPG" | Where-Object { $_.BaseName -match '^G(\d{7})$' -and ([int]$Matches[1] -ge $min) -and ([int]$Matches[1] -le $max) } | Sort-Object Name | ForEach-Object { "file '$($_.FullName)'" } | Set-Content files.txt
A15: 45945 | B15: NCE2 | C15: NCE2_R7_tank5-8 | D15: 7 | E15: 4 | F15: 17037 | G15: 20659 | H15: =G15-F15+1 -> 3623 | I15: 5 | J15: =IF(OR(H15="",I15=""),"", ((H15-1)*I15)/86400) -> 0.20960648 | L15: =K15+J15 -> 0.20960648 | M15: $min=17037; $max=20659; Get-ChildItem -Filter "G*.JPG" | Where-Object { $_.BaseName -match '^G(\d{7})$' -and ([int]$Matches[1] -ge $min) -and ([int]$Matches[1] -le $max) } | Sort-Object Name | ForEach-Object { "file '$($_.FullName)'" } | Set-Content files.txt
A16: 45946 | B16: NCE2 | C16: NCE2_R8_tank1-4 | D16: 8 | E16: 3 | F16: 10698 | G16: 14310 | H16: =G16-F16+1 -> 3613 | I16: 5 | J16: =IF(OR(H16="",I16=""),"", ((H16-1)*I16)/86400) -> 0.20902778 | L16: =K16+J16 -> 0.20902778 | M16: $min=10698; $max=14310; Get-ChildItem -Filter "G*.JPG" | Where-Object { $_.BaseName -match '^G(\d{7})$' -and ([int]$Matches[1] -ge $min) -and ([int]$Matches[1] -le $max) } | Sort-Object Name | ForEach-Object { "file '$($_.FullName)'" } | Set-Content files.txt
A17: 45946 | B17: NCE2 | C17: NCE2_R8_tank5-8 | D17: 8 | E17: 4 | F17: 10660 | G17: 14273 | H17: =G17-F17+1 -> 3614 | I17: 5 | J17: =IF(OR(H17="",I17=""),"", ((H17-1)*I17)/86400) -> 0.20908565 | L17: =K17+J17 -> 0.20908565 | M17: $min=10660; $max=14273; Get-ChildItem -Filter "G*.JPG" | Where-Object { $_.BaseName -match '^G(\d{7})$' -and ([int]$Matches[1] -ge $min) -and ([int]$Matches[1] -le $max) } | Sort-Object Name | ForEach-Object { "file '$($_.FullName)'" } | Set-Content files.txt
A18: 45947 | B18: NCE3 | C18: NCE3_R9_tank1-4 | D18: 9 | E18: 3 | F18: 14311 | G18: 27762 | H18: =G18-F18+1 -> 13452 | I18: 5 | J18: =IF(OR(H18="",I18=""),"", ((H18-1)*I18)/86400) -> 0.77841435 | L18: =K18+J18 -> 0.77841435 | M18: $min=14311; $max=27762; Get-ChildItem -Filter "G*.JPG" | Where-Object { $_.BaseName -match '^G(\d{7})$' -and ([int]$Matches[1] -ge $min) -and ([int]$Matches[1] -le $max) } | Sort-Object Name | ForEach-Object { "file '$($_.FullName)'" } | Set-Content files.txt
A19: 45947 | B19: NCE3 | C19: NCE3_R9_tank5-8 | D19: 9 | E19: 4 | F19: 14274 | G19: 27708 | H19: =G19-F19+1 -> 13435 | I19: 5 | J19: =IF(OR(H19="",I19=""),"", ((H19-1)*I19)/86400) -> 0.77743056 | L19: =K19+J19 -> 0.77743056 | M19: $min=14274; $max=27708; Get-ChildItem -Filter "G*.JPG" | Where-Object { $_.BaseName -match '^G(\d{7})$' -and ([int]$Matches[1] -ge $min) -and ([int]$Matches[1] -le $max) } | Sort-Object Name | ForEach-Object { "file '$($_.FullName)'" } | Set-Content files.txt
A23: Round_1_Tank_1 | C23: Shelter
A24: 1012 | B24: 732 | C24: 778 | D24: 467
A25: 2036 | B25: 732 | C25: 911 | D25: 467
A26: 2036 | B26: 1312 | C26: 911 | D26: 549
A27: 1012 | B27: 1312 | C27: 778 | D27: 549
A28: Round_1_Tank_2
A29: 2036 | B29: 732
A30: 3008 | B30: 732
A31: 3008 | B31: 1292
A32: 2036 | B32: 1292
A33: Round_1_Tank_3
A34: 1116 | B34: 1752
A35: 2044 | B35: 1752
A36: 2044 | B36: 2340
A37: 1116 | B37: 2340
A38: Round_1_Tank_4
A39: 2044 | B39: 1680
A40: 2936 | B40: 1680
A41: 2936 | B41: 2344
A42: 2044 | B42: 2344
A43: Round_2_Tank_1
A48: Round_2_Tank_2
A53: Round_2_Tank_3
A58: Round_2_Tank_4

Sheet Feeding
A1: exp | B1: exp_id | C1: round | D1: exp_tank | E1: treatment | F1: liter | G1: date | H1: time_in | I1: day_starve | J1: start_food | K1: food_in_g | L1: total_fed | M1: left_after_24h | N1: fraction | O1: koura_id | P1: old_id | Q1: sex | R1: size_class | S1: size_mm | T1: weight_g | U1: legs | V1: claws | W1: antenna | X1: Moult_date | Y1: notes_koura
A2: feeding | B2: 1 | C2: 2 | D2: 1 | E2: catfish | F2: 5+1 | G2: 45953 | H2: 0.45833333 | I2: 0 | J2: 10 | K2: 0.4784 | L2: =J2 -> 10 | M2: 9.5 | N2: =M2/L2 -> 0.95 | O2: 17 | P2: 23 | Q2: M | R2: M | S2: 24.15 | T2: 8 | U2: 4 | V2: 2 | W2: 2
A3: feeding | B3: 2 | C3: 2 | D3: 2 | E3: eel | F3: 5+1 | G3: 45953 | H3: 0.45833333 | I3: 0 | J3: 10 | K3: 0.4506 | L3: =J3 -> 10 | M3: 10 | N3: =M3/L3 -> 1 | O3: 19 | P3: 17 | Q3: F | R3: M | S3: 25.35 | T3: 12 | U3: 7 | V3: 2 | W3: 2
A4: feeding | B4: 3 | C4: 2 | D4: 3 | E4: control | F4: 5+1 | G4: 45953 | H4: 0.45833333 | I4: 0 | J4: 10 | K4: 0.4785 | L4: =J4 -> 10 | M4: 9 | N4: =M4/L4 -> 0.9 | O4: 20 | P4: 14 | Q4: F | R4: M | S4: 26.52 | T4: 11 | U4: 8 | V4: 2 | W4: 2
A5: feeding | B5: 4 | C5: 2 | D5: 4 | E5: catfish | F5: 5+1 | G5: 45953 | H5: 0.45833333 | I5: 0 | J5: 10 | K5: 0.4909 | L5: =J5 -> 10 | M5: 10 | N5: =M5/L5 -> 1 | O5: 21 | Q5: M | R5: M | S5: 25.39 | T5: 9 | U5: 7 | V5: 2 | W5: 2 | X5: 15/10/25
A6: feeding | B6: 5 | C6: 2 | D6: 5 | E6: eel | F6: 5+1 | G6: 45953 | H6: 0.45833333 | I6: 0 | J6: 10 | K6: 0.4777 | L6: =J6 -> 10 | M6: 8 | N6: =M6/L6 -> 0.8 | O6: 22 | Q6: M | R6: M | S6: 28.55 | T6: 17 | U6: 8 | V6: 2 | W6: 2
A7: feeding | B7: 6 | C7: 2 | D7: 6 | E7: control | F7: 5+1 | G7: 45953 | H7: 0.45833333 | I7: 0 | J7: 10 | K7: 0.4799 | L7: =J7 -> 10 | M7: 10 | N7: =M7/L7 -> 1 | O7: 23 | P7: 9 | Q7: M | R7: M | S7: 24.46 | T7: 10 | U7: 8 | V7: 2 | W7: 2
A8: feeding | B8: 7 | C8: 2 | D8: 7 | E8: catfish | F8: 5+1 | G8: 45953 | H8: 0.45833333 | I8: 0 | J8: 10 | K8: 0.4608 | L8: =J8 -> 10 | M8: 10 | N8: =M8/L8 -> 1 | O8: 24 | Q8: M | R8: M | S8: 28.59 | T8: 15 | U8: 8 | V8: 1 | W8: 2
A9: feeding | B9: 8 | C9: 2 | D9: 8 | E9: eel | F9: 5+1 | G9: 45953 | H9: 0.45833333 | I9: 0 | J9: 10 | K9: 0.4636 | L9: =J9 -> 10 | M9: 9.5 | N9: =M9/L9 -> 0.95 | O9: 25 | P9: 30 | Q9: M | R9: M | S9: 26.55 | T9: 13 | U9: 7 | V9: 2 | W9: 2
A10: feeding | B10: 9 | C10: 2 | D10: 9 | E10: control | F10: 5+1 | G10: 45953 | H10: 0.45833333 | I10: 0 | J10: 10 | K10: 0.5055 | L10: =J10 -> 10 | M10: 10 | N10: =M10/L10 -> 1 | O10: 26 | Q10: M | R10: M | S10: 23.62 | T10: 8 | U10: 8 | V10: 2 | W10: 2 | X10: 24/10/25
A11: feeding | B11: 10 | C11: 2 | D11: 10 | E11: catfish | F11: 5+1 | G11: 45953 | H11: 0.45833333 | I11: 0 | J11: 10 | K11: 0.5168 | L11: =J11 -> 10 | M11: 10 | N11: =M11/L11 -> 1 | O11: 28 | Q11: M | R11: M | S11: 29.36 | T11: 17 | U11: 7 | V11: 2 | W11: 2
A12: feeding | B12: 11 | C12: 2 | D12: 11 | E12: eel | F12: 5+1 | G12: 45953 | H12: 0.45833333 | I12: 0 | J12: 10 | K12: 0.4749 | L12: =J12 -> 10 | M12: 10 | N12: =M12/L12 -> 1 | O12: 29 | P12: 11 | Q12: M | R12: M | S12: 29.46 | T12: 17 | U12: 8 | V12: 2 | W12: 2
A13: feeding | B13: 12 | C13: 2 | D13: 12 | E13: control | F13: 5+1 | G13: 45953 | H13: 0.45833333 | I13: 0 | J13: 10 | K13: 0.5009 | L13: =J13 -> 10 | M13: 10 | N13: =M13/L13 -> 1 | O13: 32 | P13: 13 | Q13: M | R13: M | S13: 23.96 | T13: 8 | U13: 6 | V13: 2 | W13: 2
A14: feeding | B14: 13 | C14: 2 | D14: 13 | E14: catfish | F14: 5+1 | G14: 45953 | H14: 0.45833333 | I14: 0 | J14: 10 | K14: 0.5255 | L14: =J14 -> 10 | M14: 10 | N14: =M14/L14 -> 1 | O14: 33 | Q14: M | R14: M | S14: 24.83 | T14: 10 | U14: 8 | V14: 2 | W14: 2
A15: feeding | B15: 14 | C15: 2 | D15: 14 | E15: eel | F15: 5+1 | G15: 45953 | H15: 0.45833333 | I15: 0 | J15: 10 | K15: 0.4943 | L15: =J15 -> 10 | M15: 10 | N15: =M15/L15 -> 1 | O15: 35 | Q15: M | R15: M | S15: 28.52 | T15: 14 | U15: 5 | V15: 2 | W15: 2
A16: feeding | B16: 15 | C16: 2 | D16: 15 | E16: control | F16: 5+1 | G16: 45953 | H16: 0.45833333 | I16: 0 | J16: 10 | K16: 0.5249 | L16: =J16 -> 10 | M16: 10 | N16: =M16/L16 -> 1 | O16: 37 | Q16: M | R16: M | S16: 26.6 | T16: 13 | U16: 8 | V16: 2 | W16: 2
A17: feeding | B17: 16 | C17: 2 | D17: 16 | E17: catfish | F17: 5+1 | G17: 45953 | H17: 0.45833333 | I17: 0 | J17: 10 | K17: 0.5217 | L17: =J17 -> 10 | M17: 9 | N17: =M17/L17 -> 0.9 | O17: 39 | Q17: M | R17: M | S17: 24.99 | T17: 10 | U17: 7 | V17: 2 | W17: 2
A18: feeding | B18: 17 | C18: 3 | D18: 1 | E18: eel | F18: 5+1 | G18: 45958 | H18: 0.41666667 | I18: 3 | J18: 10 | L18: =J18 -> 10 | M18: 10 | N18: =M18/L18 -> 1 | O18: 40 | P18: 30 | Q18: M | R18: M | S18: 23.44 | T18: 10 | U18: 8 | V18: 2 | W18: 2
A19: feeding | B19: 18 | C19: 3 | D19: 2 | E19: control | F19: 5+1 | G19: 45958 | H19: 0.41666667 | I19: 3 | J19: 10 | L19: =J19 -> 10 | M19: 3.5 | N19: =M19/L19 -> 0.35 | O19: 41 | Q19: M | R19: L | S19: 39.75 | T19: 42 | U19: 8 | V19: 2 | W19: 2
A20: feeding | B20: 19 | C20: 3 | D20: 3 | E20: catfish | F20: 5+1 | G20: 45958 | H20: 0.41666667 | I20: 3 | J20: 10 | L20: =J20 -> 10 | M20: 4.5 | N20: =M20/L20 -> 0.45 | O20: 42 | P20: 97 | Q20: M | R20: M | S20: 29.75 | T20: 16 | U20: 6 | V20: 1 | W20: 2
A21: feeding | B21: 20 | C21: 3 | D21: 4 | E21: eel | F21: 5+1 | G21: 45958 | H21: 0.41666667 | I21: 3 | J21: 10 | L21: =J21 -> 10 | M21: 7 | N21: =M21/L21 -> 0.7 | O21: 43 | P21: 77 | Q21: M | R21: M | S21: 26.6 | T21: 13 | U21: 7 | V21: 2 | W21: 0
A22: feeding | B22: 21 | C22: 3 | D22: 5 | E22: control | F22: 5+1 | G22: 45958 | H22: 0.41666667 | I22: 3 | J22: 10 | L22: =J22 -> 10 | M22: 5 | N22: =M22/L22 -> 0.5 | O22: 44 | Q22: M | R22: L | S22: 35.27 | T22: 30 | U22: 8 | V22: 2 | W22: 2
A23: feeding | B23: 22 | C23: 3 | D23: 6 | E23: catfish | F23: 5+1 | G23: 45958 | H23: 0.41666667 | I23: 3 | J23: 10 | L23: =J23 -> 10 | M23: 8 | N23: =M23/L23 -> 0.8 | O23: 45 | Q23: M | R23: M | S23: 25 | T23: 10 | U23: 8 | V23: 1 | W23: 2
A24: feeding | B24: 23 | C24: 3 | D24: 7 | E24: eel | F24: 5+1 | G24: 45958 | H24: 0.41666667 | I24: 3 | J24: 10 | L24: =J24 -> 10 | M24: 8 | N24: =M24/L24 -> 0.8 | O24: 46 | Q24: M | R24: M | S24: 28.41 | T24: 17 | U24: 8 | V24: 2 | W24: 2
A25: feeding | B25: 24 | C25: 3 | D25: 8 | E25: control | F25: 5+1 | G25: 45958 | H25: 0.41666667 | I25: 3 | J25: 10 | L25: =J25 -> 10 | M25: 7 | N25: =M25/L25 -> 0.7 | O25: 47 | Q25: M | R25: M | S25: 25.04 | T25: 11 | U25: 7 | V25: 2 | W25: 2
A26: feeding | B26: 25 | C26: 3 | D26: 9 | E26: catfish | F26: 5+1 | G26: 45958 | H26: 0.41666667 | I26: 3 | J26: 10 | L26: =J26 -> 10 | M26: 9 | N26: =M26/L26 -> 0.9 | O26: 48 | P26: 99 | Q26: M | R26: M | S26: 25.24 | T26: 10 | U26: 4 | V26: 0 | W26: 2
A27: feeding | B27: 26 | C27: 3 | D27: 10 | E27: eel | F27: 5+1 | G27: 45958 | H27: 0.41666667 | I27: 3 | J27: 10 | L27: =J27 -> 10 | M27: 9 | N27: =M27/L27 -> 0.9 | O27: 49 | Q27: M | R27: S | S27: 21.09 | T27: 8 | U27: 7 | V27: 2 | W27: 2
A28: feeding | B28: 27 | C28: 3 | D28: 11 | E28: control | F28: 5+1 | G28: 45958 | H28: 0.41666667 | I28: 3 | J28: 10 | L28: =J28 -> 10 | M28: 10 | N28: =M28/L28 -> 1 | O28: 50 | Q28: M | R28: L | S28: 32.94 | T28: 24 | U28: 7 | V28: 2 | W28: 2
A29: feeding | B29: 28 | C29: 3 | D29: 12 | E29: catfish | F29: 5+1 | G29: 45958 | H29: 0.41666667 | I29: 3 | J29: 10 | L29: =J29 -> 10 | M29: 5 | N29: =M29/L29 -> 0.5 | O29: 51 | Q29: M | R29: M | S29: 26.97 | T29: 13 | U29: 8 | V29: 2 | W29: 2
A30: feeding | B30: 29 | C30: 3 | D30: 13 | E30: eel | F30: 5+1 | G30: 45958 | H30: 0.41666667 | I30: 3 | J30: 10 | L30: =J30 -> 10 | M30: 7 | N30: =M30/L30 -> 0.7 | O30: 52 | P30: 26 | Q30: M | R30: L | S30: 30.1 | T30: 19 | U30: 8 | V30: 2 | W30: 2
A31: feeding | B31: 30 | C31: 3 | D31: 14 | E31: control | F31: 5+1 | G31: 45958 | H31: 0.41666667 | I31: 3 | J31: 10 | L31: =J31 -> 10 | M31: 9 | N31: =M31/L31 -> 0.9 | O31: 53 | P31: 102 | Q31: M | R31: M | S31: 26.62 | T31: 13 | U31: 7 | V31: 2 | W31: 1
A32: feeding | B32: 31 | C32: 3 | D32: 15 | E32: catfish | F32: 5+1 | G32: 45958 | H32: 0.41666667 | I32: 3 | J32: 10 | L32: =J32 -> 10 | M32: 5 | N32: =M32/L32 -> 0.5 | O32: 54 | Q32: M | R32: L | S32: 38.04 | T32: 34 | U32: 7 | V32: 2 | W32: 2
A33: feeding | B33: 32 | C33: 3 | D33: 16 | E33: eel | F33: 5+1 | G33: 45958 | H33: 0.41666667 | I33: 3 | J33: 10 | L33: =J33 -> 10 | M33: 10 | N33: =M33/L33 -> 1 | O33: 55 | P33: 87 | Q33: M | R33: S | S33: 21.59 | T33: 8 | U33: 5 | V33: 2 | W33: 2 | X33: 29/10/25 | Y33: SOFT
A34: feeding | B34: 33 | C34: 4 | D34: 1 | E34: control | F34: 5+1 | G34: 45959 | H34: 0.47916667 | I34: 4 | J34: 10 | L34: =J34 -> 10 | M34: 9.5 | N34: =M34/L34 -> 0.95 | O34: 56 | P34: 99 | Q34: M | R34: M | S34: 27.07 | T34: 12 | U34: 8 | V34: 1 | W34: 2
A35: feeding | B35: 34 | C35: 4 | D35: 2 | E35: catfish | F35: 5+1 | G35: 45959 | H35: 0.47916667 | I35: 4 | J35: 10 | L35: =J35 -> 10 | M35: 6.5 | N35: =M35/L35 -> 0.65 | O35: 57 | P35: 41 | Q35: M | R35: L | S35: 38.49 | T35: 40 | U35: 8 | V35: 2 | W35: 2
A36: feeding | B36: 35 | C36: 4 | D36: 3 | E36: eel | F36: 5+1 | G36: 45959 | H36: 0.47916667 | I36: 4 | J36: 10 | L36: =J36 -> 10 | M36: 8.5 | N36: =M36/L36 -> 0.85 | O36: 58 | P36: 70 | Q36: M | R36: M | S36: 25.21 | T36: 10 | U36: 6 | V36: 1 | W36: 1
A37: feeding | B37: 36 | C37: 4 | D37: 4 | E37: control | F37: 5+1 | G37: 45959 | H37: 0.47916667 | I37: 4 | J37: 10 | L37: =J37 -> 10 | M37: 8.5 | N37: =M37/L37 -> 0.85 | O37: 59 | P37: 80 | Q37: M | R37: M | S37: 25.84 | T37: 14 | U37: 8 | V37: 2 | W37: 2
A38: feeding | B38: 37 | C38: 4 | D38: 5 | E38: catfish | F38: 5+1 | G38: 45959 | H38: 0.47916667 | I38: 4 | J38: 10 | L38: =J38 -> 10 | M38: 9 | N38: =M38/L38 -> 0.9 | O38: 60 | Q38: M | R38: M | S38: 23.41 | T38: 9 | U38: 8 | V38: 1 | W38: 2
A39: feeding | B39: 38 | C39: 4 | D39: 6 | E39: eel | F39: 5+1 | G39: 45959 | H39: 0.47916667 | I39: 4 | J39: 10 | L39: =J39 -> 10 | M39: 9 | N39: =M39/L39 -> 0.9 | O39: 61 | P39: 81 | Q39: M | R39: L | S39: 30.38 | T39: 22 | U39: 8 | V39: 2 | W39: 2
A40: feeding | B40: 39 | C40: 4 | D40: 7 | E40: control | F40: 5+1 | G40: 45959 | H40: 0.47916667 | I40: 4 | J40: 10 | L40: =J40 -> 10 | M40: 10 | N40: =M40/L40 -> 1 | O40: 62 | P40: 92 | Q40: M | R40: S | S40: 20.48 | T40: 6 | U40: 8 | V40: 2 | W40: 2
A41: feeding | B41: 40 | C41: 4 | D41: 8 | E41: catfish | F41: 5+1 | G41: 45959 | H41: 0.47916667 | I41: 4 | J41: 10 | L41: =J41 -> 10 | M41: 8.5 | N41: =M41/L41 -> 0.85 | O41: 63 | Q41: M | R41: L | S41: 40.88 | T41: 41 | U41: 8 | V41: 1 | W41: 2
A42: feeding | B42: 41 | C42: 4 | D42: 9 | E42: eel | F42: 5+1 | G42: 45959 | H42: 0.47916667 | I42: 4 | J42: 10 | L42: =J42 -> 10 | M42: 10 | N42: =M42/L42 -> 1 | O42: 64 | P42: 90 | Q42: M | R42: L | S42: 31.11 | T42: 20 | U42: 7 | V42: 2 | W42: 2
A43: feeding | B43: 42 | C43: 4 | D43: 10 | E43: control | F43: 5+1 | G43: 45959 | H43: 0.47916667 | I43: 4 | J43: 10 | L43: =J43 -> 10 | M43: 1 | N43: =M43/L43 -> 0.1 | O43: 65 | Q43: M | R43: L | S43: 35.61 | T43: 27 | U43: 8 | V43: 2 | W43: 2 | Y43: RED
A44: feeding | B44: 43 | C44: 4 | D44: 11 | E44: catfish | F44: 5+1 | G44: 45959 | H44: 0.47916667 | I44: 4 | J44: 10 | L44: =J44 -> 10 | M44: 9.5 | N44: =M44/L44 -> 0.95 | O44: 66 | Q44: M | R44: M | S44: 28.04 | T44: 15 | U44: 8 | V44: 2 | W44: 2
A45: feeding | B45: 44 | C45: 4 | D45: 12 | E45: eel | F45: 5+1 | G45: 45959 | H45: 0.47916667 | I45: 4 | J45: 10 | L45: =J45 -> 10 | M45: 9 | N45: =M45/L45 -> 0.9 | O45: 67 | P45: 83 | Q45: M | R45: M | S45: 28.37 | T45: 15 | U45: 8 | V45: 2 | W45: 2
A46: feeding | B46: 45 | C46: 4 | D46: 13 | E46: control | F46: 5+1 | G46: 45959 | H46: 0.47916667 | I46: 4 | J46: 10 | L46: =J46 -> 10 | M46: 8 | N46: =M46/L46 -> 0.8 | O46: 68 | Q46: M | R46: M | S46: 25.25 | T46: 11 | U46: 8 | V46: 2 | W46: 2
A47: feeding | B47: 46 | C47: 4 | D47: 14 | E47: catfish | F47: 5+1 | G47: 45959 | H47: 0.47916667 | I47: 4 | J47: 10 | L47: =J47 -> 10 | M47: 9.5 | N47: =M47/L47 -> 0.95 | O47: 69 | P47: 76 | Q47: M | R47: L | S47: 30.46 | T47: 20 | U47: 8 | V47: 2 | W47: 2
A48: feeding | B48: 47 | C48: 4 | D48: 15 | E48: eel | F48: 5+1 | G48: 45959 | H48: 0.47916667 | I48: 4 | J48: 10 | L48: =J48 -> 10 | M48: 10 | N48: =M48/L48 -> 1 | O48: 70 | P48: 79 | Q48: M | R48: M | S48: 24.78 | T48: 10 | U48: 6 | V48: 2 | W48: 2
A49: feeding | B49: 48 | C49: 4 | D49: 16 | E49: control | F49: 5+1 | G49: 45959 | H49: 0.47916667 | I49: 4 | J49: 10 | L49: =J49 -> 10 | M49: 8 | N49: =M49/L49 -> 0.8 | O49: 71 | Q49: M | R49: M | S49: 24.34 | T49: 9 | U49: 8 | V49: 2 | W49: 1

Sheet pellet_weigth
A1: fresh pellets | D1: alluminium cups weight
A2: n | B2: weight_g | D2: n | E2: weight_g
A3: avg | B3: =AVERAGE(B4:B33) -> 0.054136667 | D3: avg | E3: =AVERAGE(E4:E33) -> 5.3276938
A4: 1 | B4: 0.0656 | D4: 1 | E4: 5.3126
A5: 2 | B5: 0.0494 | D5: 2 | E5: 5.3053
A6: 3 | B6: 0.0655 | D6: 3 | E6: 5.3022
A7: 4 | B7: 0.0603 | D7: 4 | E7: 5.3244
A8: 5 | B8: 0.0599 | D8: 5 | E8: 5.3046
A9: 6 | B9: 0.0638 | D9: 6 | E9: 5.3489
A10: 7 | B10: 0.0475 | D10: 7 | E10: 5.3219
A11: 8 | B11: 0.0438 | D11: 8 | E11: 5.3417
A12: 9 | B12: 0.0602 | D12: 9 | E12: 5.3342
A13: 10 | B13: 0.059 | D13: 10 | E13: 5.2823
A14: 11 | B14: 0.0608 | D14: 11 | E14: 5.3769
A15: 12 | B15: 0.0437 | D15: 12 | E15: 5.2651
... A19: 16 | B19: 0.0497 | D19: 16 | E19: 5.3566
A20: 17 | B20: 0.0583
A21: 18 | B21: 0.0459
A22: 19 | B22: 0.0587
A23: 20 | B23: 0.0465
A24: 21 | B24: 0.0654
A25: 22 | B25: 0.0529
A26: 23 | B26: 0.061
A27: 24 | B27: 0.0624
A28: 25 | B28: 0.0411
A29: 26 | B29: 0.0599
A30: 27 | B30: 0.043
A31: 28 | B31: 0.0422
... A33: 30 | B33: 0.0505

Sheet Feeding2
A1: exp | B1: round | C1: exp_tank | D1: treatment | E1: liter | F1: date | G1: time_in | H1: day_starve | I1: start_food | J1: food_in_g | K1: left_after_4h | L1: extra_food | M1: total_fed | N1: left_after_24h | O1: fraction | P1: extra_food2 | Q1: 48h | R1: tot_fed2 | S1: tot_eat_p | T1: tot_fed_g | U1: w_empty_tray | V1: w_tot | W1: residue_g | X1: tot_eat_g | Y1: notes_exp | Z1: koura_id | AA1: old_id | AB1: sex | AC1: size_class | AD1: size_mm1 | AE1: weight_g1 | AF1: legs1 | AG1: claws1 | AH1: antenna1 | AI1: size_mm2 | AJ1: weight_g2 | AK1: legs2 | AL1: claws2 | AM1: antenna2 | AN1: Moult_date | AO1: notes_koura
A2: Feeding | B2: 1 | C2: 1 | D2: control | E2: 7+1 | F2: 45937 | G2: 0.5 | H2: 2 | I2: 5 | K2: 2 | L2: 5 | M2: =I2+L2 -> 10 | N2: 7 | O2: =N2/M2 -> 0.7 | P2: 0 | Q2: 2 | R2: =I2+L2+P2 -> 10 | S2: =R2-Q2 -> 8 | T2: =R2*pellet_weigth!$B$3 -> 0.54136667 | U2: 5.3126 | V2: 5.3325 | W2: =V2-U2 -> 0.0199 | X2: =T2-W2 -> 0.52146667 | Y2: each tank 7 liter + 1 liter treatment water | Z2: 1 | AA2: 27 | AB2: F | AC2: M | AD2: 28.66 | AE2: 16 | AF2: 8 | AG2: 2 | AH2: 2
A3: Feeding | B3: 1 | C3: 2 | D3: catfish | E3: 7+1 | F3: 45937 | G3: 0.5 | H3: 2 | I3: 5 | K3: 5 | L3: 0 | M3: =I3+L3 -> 5 | N3: 5 | O3: =N3/M3 -> 1 | P3: 0 | Q3: 4.5 | R3: =I3+L3+P3 -> 5 | S3: =R3-Q3 -> 0.5 | T3: =R3*pellet_weigth!$B$3 -> 0.27068333 | U3: 5.3053 | V3: 5.3488 | W3: =V3-U3 -> 0.0435 | X3: =T3-W3 -> 0.22718333 | Y3: each tank 7 liter + 1 liter treatment water | Z3: 2 | AA3: 30 | AB3: F | AC3: M | AD3: 27.29 | AE3: 12 | AF3: 8 | AG3: 2 | AH3: 2
A4: Feeding | B4: 1 | C4: 3 | D4: eel | E4: 7+1 | F4: 45937 | G4: 0.5 | H4: 2 | I4: 5 | K4: 0 | L4: 5 | M4: =I4+L4 -> 10 | N4: 1 | O4: =N4/M4 -> 0.1 | P4: 5 | Q4: 4.5 | R4: =I4+L4+P4 -> 15 | S4: =R4-Q4 -> 10.5 | T4: =R4*pellet_weigth!$B$3 -> 0.81205 | U4: 5.3022 | V4: 5.4925 | W4: =V4-U4 -> 0.1903 | X4: =T4-W4 -> 0.62175 | Y4: each tank 7 liter + 1 liter treatment water | Z4: 3 | AA4: 18 | AB4: F | AC4: M | AD4: 28.54 | AE4: 16 | AF4: 8 | AG4: 2 | AH4: 2
A5: Feeding | B5: 1 | C5: 4 | D5: control | E5: 7+1 | F5: 45937 | G5: 0.5 | H5: 2 | I5: 5 | K5: 4 | L5: 0 | M5: =I5+L5 -> 5 | N5: 4 | O5: =N5/M5 -> 0.8 | P5: 0 | Q5: 0 | R5: =I5+L5+P5 -> 5 | S5: =R5-Q5 -> 5 | T5: =R5*pellet_weigth!$B$3 -> 0.27068333 | U5: 5.3244 | V5: 5.3719 | W5: =V5-U5 -> 0.0475 | X5: =T5-W5 -> 0.22318333 | Y5: each tank 7 liter + 1 liter treatment water | Z5: 4 | AA5: 7 | AB5: F | AC5: L | AD5: 30.81 | AE5: 20 | AF5: 8 | AG5: 2 | AH5: 2
A6: Feeding | B6: 1 | C6: 5 | D6: catfish | E6: 7+1 | F6: 45937 | G6: 0.5 | H6: 2 | I6: 5 | K6: 5 | L6: 0 | M6: =I6+L6 -> 5 | N6: 4.5 | O6: =N6/M6 -> 0.9 | P6: 0 | Q6: 0.5 | R6: =I6+L6+P6 -> 5 | S6: =R6-Q6 -> 4.5 | T6: =R6*pellet_weigth!$B$3 -> 0.27068333 | U6: 5.3046 | V6: 5.3333 | W6: =V6-U6 -> 0.0287 | X6: =T6-W6 -> 0.24198333 | Y6: each tank 7 liter + 1 liter treatment water | Z6: 5 | AB6: F | AC6: S | AD6: 20.21 | AE6: 5 | AF6: 8 | AG6: 2 | AH6: 2
A7: Feeding | B7: 1 | C7: 6 | D7: eel | E7: 7+1 | F7: 45937 | G7: 0.5 | H7: 2 | I7: 5 | K7: 1 | L7: 5 | M7: =I7+L7 -> 10 | N7: 5 | O7: =N7/M7 -> 0.5 | P7: 0 | Q7: 5 | R7: =I7+L7+P7 -> 10 | S7: =R7-Q7 -> 5 | T7: =R7*pellet_weigth!$B$3 -> 0.54136667 | U7: 5.3489 | V7: 5.4973 | W7: =V7-U7 -> 0.1484 | X7: =T7-W7 -> 0.39296667 | Y7: each tank 7 liter + 1 liter treatment water | Z7: 6 | AB7: F | AC7: M | AD7: 23.21 | AE7: 8 | AF7: 6 | AG7: 1 | AH7: 2
A8: Feeding | B8: 1 | C8: 7 | D8: control | E8: 7+1 | F8: 45937 | G8: 0.5 | H8: 2 | I8: 5 | K8: 0 | L8: 5 | M8: =I8+L8 -> 10 | N8: 2.5 | O8: =N8/M8 -> 0.25 | P8: 5 | Q8: 5 | R8: =I8+L8+P8 -> 15 | S8: =R8-Q8 -> 10 | T8: =R8*pellet_weigth!$B$3 -> 0.81205 | U8: 5.3219 | V8: 5.5108 | W8: =V8-U8 -> 0.1889 | X8: =T8-W8 -> 0.62315 | Y8: each tank 7 liter + 1 liter treatment water | Z8: 7 | AA8: 35 | AB8: F | AC8: M | AD8: 25.55 | AE8: 11 | AF8: 7 | AG8: 2 | AH8: 1
A9: Feeding | B9: 1 | C9: 8 | D9: catfish | E9: 7+1 | F9: 45937 | G9: 0.5 | H9: 2 | I9: 5 | K9: 2 | L9: 5 | M9: =I9+L9 -> 10 | N9: 7 | O9: =N9/M9 -> 0.7 | P9: 0 | Q9: 6 | R9: =I9+L9+P9 -> 10 | S9: =R9-Q9 -> 4 | T9: =R9*pellet_weigth!$B$3 -> 0.54136667 | U9: 5.3417 | V9: 5.4987 | W9: =V9-U9 -> 0.157 | X9: =T9-W9 -> 0.38436667 | Y9: each tank 7 liter + 1 liter treatment water | Z9: 8 | AB9: F | AC9: S | AD9: 21.62 | AE9: 7 | AF9: 8 | AG9: 2 | AH9: 2
A10: Feeding | B10: 1 | C10: 9 | D10: eel | E10: 7+1 | F10: 45937 | G10: 0.5 | H10: 2 | I10: 5 | K10: 5 | L10: 0 | M10: =I10+L10 -> 5 | N10: 0 | O10: =N10/M10 -> 0 | P10: 5 | Q10: 0 | R10: =I10+L10+P10 -> 10 | S10: =R10-Q10 -> 10 | T10: =R10*pellet_weigth!$B$3 -> 0.54136667 | U10: 5.3342 | V10: 5.3574 | W10: =V10-U10 -> 0.0232 | X10: =T10-W10 -> 0.51816667 | Y10: each tank 7 liter + 1 liter treatment water | Z10: 9 | AB10: F | AC10: M | AD10: 29.91 | AE10: 16 | AF10: 8 | AG10: 2 | AH10: 2 | AO10: soft
A11: Feeding | B11: 1 | C11: 10 | D11: control | E11: 7+1 | F11: 45937 | G11: 0.5 | H11: 2 | I11: 5 | K11: 2 | L11: 5 | M11: =I11+L11 -> 10 | N11: 5 | O11: =N11/M11 -> 0.5 | P11: 0 | Q11: 2 | R11: =I11+L11+P11 -> 10 | S11: =R11-Q11 -> 8 | T11: =R11*pellet_weigth!$B$3 -> 0.54136667 | U11: 5.2823 | V11: 5.3703 | W11: =V11-U11 -> 0.088 | X11: =T11-W11 -> 0.45336667 | Y11: each tank 7 liter + 1 liter treatment water | Z11: 10 | AA11: 10 | AB11: F | AC11: M | AD11: 26.41 | AE11: 12 | AF11: 6 | AG11: 2 | AH11: 2
A12: Feeding | B12: 1 | C12: 11 | D12: catfish | E12: 7+1 | F12: 45937 | G12: 0.5 | H12: 2 | I12: 5 | K12: 5 | L12: 0 | M12: =I12+L12 -> 5 | N12: 5 | O12: =N12/M12 -> 1 | P12: 0 | Q12: 2.5 | R12: =I12+L12+P12 -> 5 | S12: =R12-Q12 -> 2.5 | T12: =R12*pellet_weigth!$B$3 -> 0.27068333 | U12: 5.3769 | V12: 5.4091 | W12: =V12-U12 -> 0.0322 | X12: =T12-W12 -> 0.23848333 | Y12: each tank 7 liter + 1 liter treatment water | Z12: 11 | AA12: 1 | AB12: F | AC12: M | AD12: 25.6 | AE12: 11 | AF12: 8 | AG12: 2 | AH12: 2
A13: Feeding | B13: 1 | C13: 12 | D13: eel | E13: 7+1 | F13: 45937 | G13: 0.5 | H13: 2 | I13: 5 | K13: 2 | L13: 5 | M13: =I13+L13 -> 10 | N13: 7 | O13: =N13/M13 -> 0.7 | P13: 0 | Q13: 1 | R13: =I13+L13+P13 -> 10 | S13: =R13-Q13 -> 9 | T13: =R13*pellet_weigth!$B$3 -> 0.54136667 | U13: 5.2651 | V13: 5.3335 | W13: =V13-U13 -> 0.0684 | X13: =T13-W13 -> 0.47296667 | Y13: each tank 7 liter + 1 liter treatment water | Z13: 12 | AA13: 20 | AB13: F | AC13: M | AD13: 24.06 | AE13: 10 | AF13: 8 | AG13: 2 | AH13: 2
A14: Feeding | B14: 1 | C14: 13 | D14: control | E14: 7+1 | F14: 45937 | G14: 0.5 | H14: 2 | I14: 5 | K14: 5 | L14: 0 | M14: =I14+L14 -> 5 | N14: 5 | O14: =N14/M14 -> 1 | P14: 0 | Q14: 0.5 | R14: =I14+L14+P14 -> 5 | S14: =R14-Q14 -> 4.5 | T14: =R14*pellet_weigth!$B$3 -> 0.27068333 | U14: 5.3408 | V14: 5.3846 | W14: =V14-U14 -> 0.0438 | X14: =T14-W14 -> 0.22688333 | Y14: each tank 7 liter + 1 liter treatment water | Z14: 13 | AA14: 8 | AB14: F | AC14: M | AD14: 29.75 | AE14: 17 | AF14: 8 | AG14: 2 | AH14: 2
A15: Feeding | B15: 1 | C15: 14 | D15: catfish | E15: 7+1 | F15: 45937 | G15: 0.5 | H15: 2 | I15: 5 | K15: 5 | L15: 0 | M15: =I15+L15 -> 5 | N15: 5 | O15: =N15/M15 -> 1 | P15: 0 | Q15: 0.5 | R15: =I15+L15+P15 -> 5 | S15: =R15-Q15 -> 4.5 | T15: =R15*pellet_weigth!$B$3 -> 0.27068333 | U15: 5.335 | V15: 5.3743 | W15: =V15-U15 -> 0.0393 | X15: =T15-W15 -> 0.23138333 | Y15: each tank 7 liter + 1 liter treatment water | Z15: 14 | AA15: 38 | AB15: F | AC15: S | AD15: 19.9 | AE15: 5 | AF15: 5 | AG15: 0 | AH15: 0 | AI15: 21.24 | AJ15: 5 | AK15: 5 | AL15: 0 | AM15: 0 | AN15: 45939 | AO15: soft
A16: Feeding | B16: 1 | C16: 15 | D16: eel | E16: 7+1 | F16: 45937 | G16: 0.5 | H16: 2 | I16: 5 | K16: 2 | L16: 5 | M16: =I16+L16 -> 10 | N16: 7 | O16: =N16/M16 -> 0.7 | P16: 0 | Q16: 1 | R16: =I16+L16+P16 -> 10 | S16: =R16-Q16 -> 9 | T16: =R16*pellet_weigth!$B$3 -> 0.54136667 | U16: 5.3906 | V16: 5.5161 | W16: =V16-U16 -> 0.1255 | X16: =T16-W16 -> 0.41586667 | Y16: each tank 7 liter + 1 liter treatment water | Z16: 15 | AB16: F | AC16: S | AD16: 20.73 | AE16: 5 | AF16: 8 | AG16: 2 | AH16: 2
A17: Feeding | B17: 1 | C17: 16 | D17: control | E17: 7+1 | F17: 45937 | G17: 0.5 | H17: 2 | I17: 5 | K17: 1 | L17: 5 | M17: =I17+L17 -> 10 | N17: 6 | O17: =N17/M17 -> 0.6 | P17: 0 | Q17: 0 | R17: =I17+L17+P17 -> 10 | S17: =R17-Q17 -> 10 | T17: =R17*pellet_weigth!$B$3 -> 0.54136667 | U17: 5.3566 | V17: 5.4273 | W17: =V17-U17 -> 0.0707 | X17: =T17-W17 -> 0.47066667 | Y17: each tank 7 liter + 1 liter treatment water | Z17: 16 | AA17: 4 | AB17: F | AC17: M | AD17: 26.88 | AE17: 14 | AF17: 8 | AG17: 2 | AH17: 2
A18: Feeding | B18: 2 | C18: 1 | D18: catfish | E18: 5+1 | F18: 45953 | G18: 0.45833333 | H18: 0 | I18: 10 | J18: 0.4784 | M18: =I18+L18 -> 10 | N18: 9.5 | O18: =N18/M18 -> 0.95 | R18: =I18+L18+P18 -> 10 | S18: =R18-N18 -> 0.5 | Z18: 17 | AA18: 23 | AB18: M | AC18: M | AD18: 24.15 | AE18: 8 | AF18: 4 | AG18: 2 | AH18: 2
A19: Feeding | B19: 2 | C19: 2 | D19: eel | E19: 5+1 | F19: 45953 | G19: 0.45833333 | H19: 0 | I19: 10 | J19: 0.4506 | M19: =I19+L19 -> 10 | N19: 10 | O19: =N19/M19 -> 1 | R19: =I19+L19+P19 -> 10 | S19: =R19-N19 -> 0 | Z19: 19 | AA19: 17 | AB19: F | AC19: M | AD19: 25.35 | AE19: 12 | AF19: 7 | AG19: 2 | AH19: 2
A20: Feeding | B20: 2 | C20: 3 | D20: control | E20: 5+1 | F20: 45953 | G20: 0.45833333 | H20: 0 | I20: 10 | J20: 0.4785 | M20: =I20+L20 -> 10 | N20: 9 | O20: =N20/M20 -> 0.9 | R20: =I20+L20+P20 -> 10 | S20: =R20-N20 -> 1 | Z20: 20 | AA20: 14 | AB20: F | AC20: M | AD20: 26.52 | AE20: 11 | AF20: 8 | AG20: 2 | AH20: 2
A21: Feeding | B21: 2 | C21: 4 | D21: catfish | E21: 5+1 | F21: 45953 | G21: 0.45833333 | H21: 0 | I21: 10 | J21: 0.4909 | M21: =I21+L21 -> 10 | N21: 10 | O21: =N21/M21 -> 1 | R21: =I21+L21+P21 -> 10 | S21: =R21-N21 -> 0 | Z21: 21 | AB21: M | AC21: M | AD21: 25.39 | AE21: 9 | AF21: 7 | AG21: 2 | AH21: 2 | AN21: 15/10/25
A22: Feeding | B22: 2 | C22: 5 | D22: eel | E22: 5+1 | F22: 45953 | G22: 0.45833333 | H22: 0 | I22: 10 | J22: 0.4777 | M22: =I22+L22 -> 10 | N22: 8 | O22: =N22/M22 -> 0.8 | R22: =I22+L22+P22 -> 10 | S22: =R22-N22 -> 2 | Z22: 22 | AB22: M | AC22: M | AD22: 28.55 | AE22: 17 | AF22: 8 | AG22: 2 | AH22: 2
A23: Feeding | B23: 2 | C23: 6 | D23: control | E23: 5+1 | F23: 45953 | G23: 0.45833333 | H23: 0 | I23: 10 | J23: 0.4799 | M23: =I23+L23 -> 10 | N23: 10 | O23: =N23/M23 -> 1 | R23: =I23+L23+P23 -> 10 | S23: =R23-N23 -> 0 | Z23: 23 | AA23: 9 | AB23: M | AC23: M | AD23: 24.46 | AE23: 10 | AF23: 8 | AG23: 2 | AH23: 2
A24: Feeding | B24: 2 | C24: 7 | D24: catfish | E24: 5+1 | F24: 45953 | G24: 0.45833333 | H24: 0 | I24: 10 | J24: 0.4608 | M24: =I24+L24 -> 10 | N24: 10 | O24: =N24/M24 -> 1 | R24: =I24+L24+P24 -> 10 | S24: =R24-N24 -> 0 | Z24: 24 | AB24: M | AC24: M | AD24: 28.59 | AE24: 15 | AF24: 8 | AG24: 1 | AH24: 2
A25: Feeding | B25: 2 | C25: 8 | D25: eel | E25: 5+1 | F25: 45953 | G25: 0.45833333 | H25: 0 | I25: 10 | J25: 0.4636 | M25: =I25+L25 -> 10 | N25: 9.5 | O25: =N25/M25 -> 0.95 | R25: =I25+L25+P25 -> 10 | S25: =R25-N25 -> 0.5 | Z25: 25 | AA25: 30 | AB25: M | AC25: M | AD25: 26.55 | AE25: 13 | AF25: 7 | AG25: 2 | AH25: 2
A26: Feeding | B26: 2 | C26: 9 | D26: control | E26: 5+1 | F26: 45953 | G26: 0.45833333 | H26: 0 | I26: 10 | J26: 0.5055 | M26: =I26+L26 -> 10 | N26: 10 | O26: =N26/M26 -> 1 | R26: =I26+L26+P26 -> 10 | S26: =R26-N26 -> 0 | Z26: 26 | AB26: M | AC26: M | AD26: 23.62 | AE26: 8 | AF26: 8 | AG26: 2 | AH26: 2 | AN26: 24/10/25
A27: Feeding | B27: 2 | C27: 10 | D27: catfish | E27: 5+1 | F27: 45953 | G27: 0.45833333 | H27: 0 | I27: 10 | J27: 0.5168 | M27: =I27+L27 -> 10 | N27: 10 | O27: =N27/M27 -> 1 | R27: =I27+L27+P27 -> 10 | S27: =R27-N27 -> 0 | Z27: 28 | AB27: M | AC27: M | AD27: 29.36 | AE27: 17 | AF27: 7 | AG27: 2 | AH27: 2
A28: Feeding | B28: 2 | C28: 11 | D28: eel | E28: 5+1 | F28: 45953 | G28: 0.45833333 | H28: 0 | I28: 10 | J28: 0.4749 | M28: =I28+L28 -> 10 | N28: 10 | O28: =N28/M28 -> 1 | R28: =I28+L28+P28 -> 10 | S28: =R28-N28 -> 0 | Z28: 29 | AA28: 11 | AB28: M | AC28: M | AD28: 29.46 | AE28: 17 | AF28: 8 | AG28: 2 | AH28: 2
A29: Feeding | B29: 2 | C29: 12 | D29: control | E29: 5+1 | F29: 45953 | G29: 0.45833333 | H29: 0 | I29: 10 | J29: 0.5009 | M29: =I29+L29 -> 10 | N29: 10 | O29: =N29/M29 -> 1 | R29: =I29+L29+P29 -> 10 | S29: =R29-N29 -> 0 | Z29: 32 | AA29: 13 | AB29: M | AC29: M | AD29: 23.96 | AE29: 8 | AF29: 6 | AG29: 2 | AH29: 2
A30: Feeding | B30: 2 | C30: 13 | D30: catfish | E30: 5+1 | F30: 45953 | G30: 0.45833333 | H30: 0 | I30: 10 | J30: 0.5255 | M30: =I30+L30 -> 10 | N30: 10 | O30: =N30/M30 -> 1 | R30: =I30+L30+P30 -> 10 | S30: =R30-N30 -> 0 | Z30: 33 | AB30: M | AC30: M | AD30: 24.83 | AE30: 10 | AF30: 8 | AG30: 2 | AH30: 2
A31: Feeding | B31: 2 | C31: 14 | D31: eel | E31: 5+1 | F31: 45953 | G31: 0.45833333 | H31: 0 | I31: 10 | J31: 0.4943 | M31: =I31+L31 -> 10 | N31: 10 | O31: =N31/M31 -> 1 | R31: =I31+L31+P31 -> 10 | S31: =R31-N31 -> 0 | Z31: 35 | AB31: M | AC31: M | AD31: 28.52 | AE31: 14 | AF31: 5 | AG31: 2 | AH31: 2
A32: Feeding | B32: 2 | C32: 15 | D32: control | E32: 5+1 | F32: 45953 | G32: 0.45833333 | H32: 0 | I32: 10 | J32: 0.5249 | M32: =I32+L32 -> 10 | N32: 10 | O32: =N32/M32 -> 1 | R32: =I32+L32+P32 -> 10 | S32: =R32-N32 -> 0 | Z32: 37 | AB32: M | AC32: M | AD32: 26.6 | AE32: 13 | AF32: 8 | AG32: 2 | AH32: 2
A33: Feeding | B33: 2 | C33: 16 | D33: catfish | E33: 5+1 | F33: 45953 | G33: 0.45833333 | H33: 0 | I33: 10 | J33: 0.5217 | M33: =I33+L33 -> 10 | N33: 9 | O33: =N33/M33 -> 0.9 | R33: =I33+L33+P33 -> 10 | S33: =R33-N33 -> 1 | Z33: 39 | AB33: M | AC33: M | AD33: 24.99 | AE33: 10 | AF33: 7 | AG33: 2 | AH33: 2
C34: 1 | D34: eel | E34: 5+1 | F34: 45958 | G34: 0.41666667 | H34: 3 | I34: 10 | M34: =I34+L34 -> 10 | N34: 10 | O34: =N34/M34 -> 1 | R34: =I34+L34+P34 -> 10 | S34: =R34-N34 -> 0 | Z34: 40 | AA34: 30 | AB34: M | AC34: M | AD34: 23.44 | AE34: 10 | AF34: 8 | AG34: 2 | AH34: 2
C35: 2 | D35: control | E35: 5+1 | F35: 45958 | G35: 0.41666667 | H35: 3 | I35: 10 | M35: =I35+L35 -> 10 | N35: 3.5 | O35: =N35/M35 -> 0.35 | R35: =I35+L35+P35 -> 10 | S35: =R35-N35 -> 6.5 | Z35: 41 | AB35: M | AC35: L | AD35: 39.75 | AE35: 42 | AF35: 8 | AG35: 2 | AH35: 2
C36: 3 | D36: catfish | E36: 5+1 | F36: 45958 | G36: 0.41666667 | H36: 3 | I36: 10 | M36: =I36+L36 -> 10 | N36: 4.5 | O36: =N36/M36 -> 0.45 | R36: =I36+L36+P36 -> 10 | S36: =R36-N36 -> 5.5 | Z36: 42 | AA36: 97 | AB36: M | AC36: M | AD36: 29.75 | AE36: 16 | AF36: 6 | AG36: 1 | AH36: 2
C37: 4 | D37: eel | E37: 5+1 | F37: 45958 | G37: 0.41666667 | H37: 3 | I37: 10 | M37: =I37+L37 -> 10 | N37: 7 | O37: =N37/M37 -> 0.7 | R37: =I37+L37+P37 -> 10 | S37: =R37-N37 -> 3 | Z37: 43 | AA37: 77 | AB37: M | AC37: M | AD37: 26.6 | AE37: 13 | AF37: 7 | AG37: 2 | AH37: 0
C38: 5 | D38: control | E38: 5+1 | F38: 45958 | G38: 0.41666667 | H38: 3 | I38: 10 | M38: =I38+L38 -> 10 | N38: 5 | O38: =N38/M38 -> 0.5 | R38: =I38+L38+P38 -> 10 | S38: =R38-N38 -> 5 | Z38: 44 | AB38: M | AC38: L | AD38: 35.27 | AE38: 30 | AF38: 8 | AG38: 2 | AH38: 2
C39: 6 | D39: catfish | E39: 5+1 | F39: 45958 | G39: 0.41666667 | H39: 3 | I39: 10 | M39: =I39+L39 -> 10 | N39: 8 | O39: =N39/M39 -> 0.8 | R39: =I39+L39+P39 -> 10 | S39: =R39-N39 -> 2 | Z39: 45 | AB39: M | AC39: M | AD39: 25 | AE39: 10 | AF39: 8 | AG39: 1 | AH39: 2
C40: 7 | D40: eel | E40: 5+1 | F40: 45958 | G40: 0.41666667 | H40: 3 | I40: 10 | M40: =I40+L40 -> 10 | N40: 8 | O40: =N40/M40 -> 0.8 | R40: =I40+L40+P40 -> 10 | S40: =R40-N40 -> 2 | Z40: 46 | AB40: M | AC40: M | AD40: 28.41 | AE40: 17 | AF40: 8 | AG40: 2 | AH40: 2
C41: 8 | D41: control | E41: 5+1 | F41: 45958 | G41: 0.41666667 | H41: 3 | I41: 10 | M41: =I41+L41 -> 10 | N41: 7 | O41: =N41/M41 -> 0.7 | R41: =I41+L41+P41 -> 10 | S41: =R41-N41 -> 3 | Z41: 47 | AB41: M | AC41: M | AD41: 25.04 | AE41: 11 | AF41: 7 | AG41: 2 | AH41: 2
C42: 9 | D42: catfish | E42: 5+1 | F42: 45958 | G42: 0.41666667 | H42: 3 | I42: 10 | M42: =I42+L42 -> 10 | N42: 9 | O42: =N42/M42 -> 0.9 | R42: =I42+L42+P42 -> 10 | S42: =R42-N42 -> 1 | Z42: 48 | AA42: 99 | AB42: M | AC42: M | AD42: 25.24 | AE42: 10 | AF42: 4 | AG42: 0 | AH42: 2
C43: 10 | D43: eel | E43: 5+1 | F43: 45958 | G43: 0.41666667 | H43: 3 | I43: 10 | M43: =I43+L43 -> 10 | N43: 9 | O43: =N43/M43 -> 0.9 | R43: =I43+L43+P43 -> 10 | S43: =R43-N43 -> 1 | Z43: 49 | AB43: M | AC43: S | AD43: 21.09 | AE43: 8 | AF43: 7 | AG43: 2 | AH43: 2
C44: 11 | D44: control | E44: 5+1 | F44: 45958 | G44: 0.41666667 | H44: 3 | I44: 10 | M44: =I44+L44 -> 10 | N44: 10 | O44: =N44/M44 -> 1 | R44: =I44+L44+P44 -> 10 | S44: =R44-N44 -> 0 | Z44: 50 | AB44: M | AC44: L | AD44: 32.94 | AE44: 24 | AF44: 7 | AG44: 2 | AH44: 2
C45: 12 | D45: catfish | E45: 5+1 | F45: 45958 | G45: 0.41666667 | H45: 3 | I45: 10 | M45: =I45+L45 -> 10 | N45: 5 | O45: =N45/M45 -> 0.5 | R45: =I45+L45+P45 -> 10 | S45: =R45-N45 -> 5 | Z45: 51 | AB45: M | AC45: M | AD45: 26.97 | AE45: 13 | AF45: 8 | AG45: 2 | AH45: 2
C46: 13 | D46: eel | E46: 5+1 | F46: 45958 | G46: 0.41666667 | H46: 3 | I46: 10 | M46: =I46+L46 -> 10 | N46: 7 | O46: =N46/M46 -> 0.7 | R46: =I46+L46+P46 -> 10 | S46: =R46-N46 -> 3 | Z46: 52 | AA46: 26 | AB46: M | AC46: L | AD46: 30.1 | AE46: 19 | AF46: 8 | AG46: 2 | AH46: 2
C47: 14 | D47: control | E47: 5+1 | F47: 45958 | G47: 0.41666667 | H47: 3 | I47: 10 | M47: =I47+L47 -> 10 | N47: 9 | O47: =N47/M47 -> 0.9 | R47: =I47+L47+P47 -> 10 | S47: =R47-N47 -> 1 | Z47: 53 | AA47: 102 | AB47: M | AC47: M | AD47: 26.62 | AE47: 13 | AF47: 7 | AG47: 2 | AH47: 1
C48: 15 | D48: catfish | E48: 5+1 | F48: 45958 | G48: 0.41666667 | H48: 3 | I48: 10 | M48: =I48+L48 -> 10 | N48: 5 | O48: =N48/M48 -> 0.5 | R48: =I48+L48+P48 -> 10 | S48: =R48-N48 -> 5 | Z48: 54 | AB48: M | AC48: L | AD48: 38.04 | AE48: 34 | AF48: 7 | AG48: 2 | AH48: 2
C49: 16 | D49: eel | E49: 5+1 | F49: 45958 | G49: 0.41666667 | H49: 3 | I49: 10 | M49: =I49+L49 -> 10 | N49: 10 | O49: =N49/M49 -> 1 | R49: =I49+L49+P49 -> 10 | S49: =R49-N49 -> 0 | Z49: 55 | AA49: 87 | AB49: M | AC49: S | AD49: 21.59 | AE49: 8 | AF49: 5 | AG49: 2 | AH49: 2 | AN49: 29/10/25 | AO49: SOFT
C50: 1 | D50: control | E50: 5+1 | F50: 45959 | G50: 0.47916667 | H50: 4 | I50: 10 | M50: =I50+L50 -> 10 | N50: 9.5 | O50: =N50/M50 -> 0.95 | R50: =I50+L50+P50 -> 10 | S50: =R50-N50 -> 0.5 | Z50: 56 | AA50: 99 | AB50: M | AC50: M | AD50: 27.07 | AE50: 12 | AF50: 8 | AG50: 1 | AH50: 2
C51: 2 | D51: catfish | E51: 5+1 | F51: 45959 | G51: 0.47916667 | H51: 4 | I51: 10 | M51: =I51+L51 -> 10 | N51: 6.5 | O51: =N51/M51 -> 0.65 | R51: =I51+L51+P51 -> 10 | S51: =R51-N51 -> 3.5 | Z51: 57 | AA51: 41 | AB51: M | AC51: L | AD51: 38.49 | AE51: 40 | AF51: 8 | AG51: 2 | AH51: 2
C52: 3 | D52: eel | E52: 5+1 | F52: 45959 | G52: 0.47916667 | H52: 4 | I52: 10 | M52: =I52+L52 -> 10 | N52: 8.5 | O52: =N52/M52 -> 0.85 | R52: =I52+L52+P52 -> 10 | S52: =R52-N52 -> 1.5 | Z52: 58 | AA52: 70 | AB52: M | AC52: M | AD52: 25.21 | AE52: 10 | AF52: 6 | AG52: 1 | AH52: 1
C53: 4 | D53: control | E53: 5+1 | F53: 45959 | G53: 0.47916667 | H53: 4 | I53: 10 | M53: =I53+L53 -> 10 | N53: 8.5 | O53: =N53/M53 -> 0.85 | R53: =I53+L53+P53 -> 10 | S53: =R53-N53 -> 1.5 | Z53: 59 | AA53: 80 | AB53: M | AC53: M | AD53: 25.84 | AE53: 14 | AF53: 8 | AG53: 2 | AH53: 2
C54: 5 | D54: catfish | E54: 5+1 | F54: 45959 | G54: 0.47916667 | H54: 4 | I54: 10 | M54: =I54+L54 -> 10 | N54: 9 | O54: =N54/M54 -> 0.9 | R54: =I54+L54+P54 -> 10 | S54: =R54-N54 -> 1 | Z54: 60 | AB54: M | AC54: M | AD54: 23.41 | AE54: 9 | AF54: 8 | AG54: 1 | AH54: 2
C55: 6 | D55: eel | E55: 5+1 | F55: 45959 | G55: 0.47916667 | H55: 4 | I55: 10 | M55: =I55+L55 -> 10 | N55: 9 | O55: =N55/M55 -> 0.9 | R55: =I55+L55+P55 -> 10 | S55: =R55-N55 -> 1 | Z55: 61 | AA55: 81 | AB55: M | AC55: L | AD55: 30.38 | AE55: 22 | AF55: 8 | AG55: 2 | AH55: 2
C56: 7 | D56: control | E56: 5+1 | F56: 45959 | G56: 0.47916667 | H56: 4 | I56: 10 | M56: =I56+L56 -> 10 | N56: 10 | O56: =N56/M56 -> 1 | R56: =I56+L56+P56 -> 10 | S56: =R56-N56 -> 0 | Z56: 62 | AA56: 92 | AB56: M | AC56: S | AD56: 20.48 | AE56: 6 | AF56: 8 | AG56: 2 | AH56: 2
C57: 8 | D57: catfish | E57: 5+1 | F57: 45959 | G57: 0.47916667 | H57: 4 | I57: 10 | M57: =I57+L57 -> 10 | N57: 8.5 | O57: =N57/M57 -> 0.85 | R57: =I57+L57+P57 -> 10 | S57: =R57-N57 -> 1.5 | Z57: 63 | AB57: M | AC57: L | AD57: 40.88 | AE57: 41 | AF57: 8 | AG57: 1 | AH57: 2
C58: 9 | D58: eel | E58: 5+1 | F58: 45959 | G58: 0.47916667 | H58: 4 | I58: 10 | M58: =I58+L58 -> 10 | N58: 10 | O58: =N58/M58 -> 1 | R58: =I58+L58+P58 -> 10 | S58: =R58-N58 -> 0 | Z58: 64 | AA58: 90 | AB58: M | AC58: L | AD58: 31.11 | AE58: 20 | AF58: 7 | AG58: 2 | AH58: 2
C59: 10 | D59: control | E59: 5+1 | F59: 45959 | G59: 0.47916667 | H59: 4 | I59: 10 | M59: =I59+L59 -> 10 | N59: 1 | O59: =N59/M59 -> 0.1 | R59: =I59+L59+P59 -> 10 | S59: =R59-N59 -> 9 | Z59: 65 | AB59: M | AC59: L | AD59: 35.61 | AE59: 27 | AF59: 8 | AG59: 2 | AH59: 2 | AO59: RED
C60: 11 | D60: catfish | E60: 5+1 | F60: 45959 | G60: 0.47916667 | H60: 4 | I60: 10 | M60: =I60+L60 -> 10 | N60: 9.5 | O60: =N60/M60 -> 0.95 | R60: =I60+L60+P60 -> 10 | S60: =R60-N60 -> 0.5 | Z60: 66 | AB60: M | AC60: M | AD60: 28.04 | AE60: 15 | AF60: 8 | AG60: 2 | AH60: 2
C61: 12 | D61: eel | E61: 5+1 | F61: 45959 | G61: 0.47916667 | H61: 4 | I61: 10 | M61: =I61+L61 -> 10 | N61: 9 | O61: =N61/M61 -> 0.9 | R61: =I61+L61+P61 -> 10 | S61: =R61-N61 -> 1 | Z61: 67 | AA61: 83 | AB61: M | AC61: M | AD61: 28.37 | AE61: 15 | AF61: 8 | AG61: 2 | AH61: 2
C62: 13 | D62: control | E62: 5+1 | F62: 45959 | G62: 0.47916667 | H62: 4 | I62: 10 | M62: =I62+L62 -> 10 | N62: 8 | O62: =N62/M62 -> 0.8 | R62: =I62+L62+P62 -> 10 | S62: =R62-N62 -> 2 | Z62: 68 | AB62: M | AC62: M | AD62: 25.25 | AE62: 11 | AF62: 8 | AG62: 2 | AH62: 2
C63: 14 | D63: catfish | E63: 5+1 | F63: 45959 | G63: 0.47916667 | H63: 4 | I63: 10 | M63: =I63+L63 -> 10 | N63: 9.5 | O63: =N63/M63 -> 0.95 | R63: =I63+L63+P63 -> 10 | S63: =R63-N63 -> 0.5 | Z63: 69 | AA63: 76 | AB63: M | AC63: L | AD63: 30.46 | AE63: 20 | AF63: 8 | AG63: 2 | AH63: 2
C64: 15 | D64: eel | E64: 5+1 | F64: 45959 | G64: 0.47916667 | H64: 4 | I64: 10 | M64: =I64+L64 -> 10 | N64: 10 | O64: =N64/M64 -> 1 | R64: =I64+L64+P64 -> 10 | S64: =R64-N64 -> 0 | Z64: 70 | AA64: 79 | AB64: M | AC64: M | AD64: 24.78 | AE64: 10 | AF64: 6 | AG64: 2 | AH64: 2
C65: 16 | D65: control | E65: 5+1 | F65: 45959 | G65: 0.47916667 | H65: 4 | I65: 10 | M65: =I65+L65 -> 10 | N65: 8 | O65: =N65/M65 -> 0.8 | R65: =I65+L65+P65 -> 10 | S65: =R65-N65 -> 2 | Z65: 71 | AB65: M | AC65: M | AD65: 24.34 | AE65: 9 | AF65: 8 | AG65: 2 | AH65: 1
